EventId,SummaryId,Quantile,Loss
1,1,0.000000,0.000000
1,1,0.200000,5182.415039
1,1,0.400000,78978.015625
1,1,0.500000,147043.031250
1,1,0.750000,292711.062500
1,1,1.000000,540321.250000
2,1,0.000000,208840.406250
2,1,0.200000,329474.625000
2,1,0.400000,479756.468750
2,1,0.500000,565053.250000
2,1,0.750000,806537.875000
2,1,1.000000,1375634.625000
3,1,0.000000,1470000.000000
3,1,0.200000,1470000.000000
3,1,0.400000,1470000.000000
3,1,0.500000,1470000.000000
3,1,0.750000,1470000.000000
3,1,1.000000,1470000.000000
5,1,0.000000,188794.968750
5,1,0.200000,380207.625000
5,1,0.400000,483087.093750
5,1,0.500000,550466.937500
5,1,0.750000,830475.812500
5,1,1.000000,1038866.375000
12,1,0.000000,7264.229004
12,1,0.200000,20240.792969
12,1,0.400000,43369.605469
12,1,0.500000,66287.273438
12,1,0.750000,222247.875000
12,1,1.000000,419123.906250
17,1,0.000000,0.000000
17,1,0.200000,17770.433594
17,1,0.400000,63372.617188
17,1,0.500000,78794.054688
17,1,0.750000,155767.250000
17,1,1.000000,634019.750000
27,1,0.000000,449814.875000
27,1,0.200000,752734.187500
27,1,0.400000,828138.687500
27,1,0.500000,1016898.562500
27,1,0.750000,1232794.125000
27,1,1.000000,1470000.000000
32,1,0.000000,0.000000
32,1,0.200000,7799.604004
32,1,0.400000,80939.796875
32,1,0.500000,107994.921875
32,1,0.750000,238871.500000
32,1,1.000000,506128.187500
33,1,0.000000,0.000000
33,1,0.200000,23163.923828
33,1,0.400000,55159.695312
33,1,0.500000,79541.070312
33,1,0.750000,112391.218750
33,1,1.000000,478715.218750
34,1,0.000000,1910.666382
34,1,0.200000,13350.686523
34,1,0.400000,57694.882812
34,1,0.500000,113449.906250
34,1,0.750000,317296.750000
34,1,1.000000,448710.750000
36,1,0.000000,0.000000
36,1,0.200000,5467.867676
36,1,0.400000,18252.093750
36,1,0.500000,55094.437500
36,1,0.750000,204983.093750
36,1,1.000000,742647.937500
37,1,0.000000,0.000000
37,1,0.200000,8089.248535
37,1,0.400000,36290.546875
37,1,0.500000,83857.796875
37,1,0.750000,152055.531250
37,1,1.000000,624181.687500
38,1,0.000000,0.000000
38,1,0.200000,2242.648682
38,1,0.400000,63942.953125
38,1,0.500000,111873.500000
38,1,0.750000,169054.265625
38,1,1.000000,711636.812500
41,1,0.000000,0.000000
41,1,0.200000,0.000000
41,1,0.400000,24327.648438
41,1,0.500000,30696.507812
41,1,0.750000,171597.968750
41,1,1.000000,437136.250000
43,1,0.000000,1470000.000000
43,1,0.200000,1470000.000000
43,1,0.400000,1470000.000000
43,1,0.500000,1470000.000000
43,1,0.750000,1470000.000000
43,1,1.000000,1470000.000000
44,1,0.000000,151108.843750
44,1,0.200000,346625.562500
44,1,0.400000,455233.281250
44,1,0.500000,513009.187500
44,1,0.750000,738297.937500
44,1,1.000000,1126960.625000
46,1,0.000000,0.000000
46,1,0.200000,0.000000
46,1,0.400000,5760.490723
46,1,0.500000,12717.636719
46,1,0.750000,138103.375000
46,1,1.000000,279127.250000
48,1,0.000000,2490.299316
48,1,0.200000,26435.048828
48,1,0.400000,67402.625000
48,1,0.500000,94219.375000
48,1,0.750000,310967.875000
48,1,1.000000,374301.250000
51,1,0.000000,335445.031250
51,1,0.200000,544433.875000
51,1,0.400000,579020.937500
51,1,0.500000,606202.750000
51,1,0.750000,776994.187500
51,1,1.000000,1382532.750000
64,1,0.000000,0.000000
64,1,0.200000,1047.819580
64,1,0.400000,36453.203125
64,1,0.500000,72706.109375
64,1,0.750000,147345.406250
64,1,1.000000,634051.375000
66,1,0.000000,404296.125000
66,1,0.200000,657895.625000
66,1,0.400000,849866.312500
66,1,0.500000,896355.187500
66,1,0.750000,1094818.000000
66,1,1.000000,1412848.375000
72,1,0.000000,14213.639648
72,1,0.200000,67557.742188
72,1,0.400000,148722.156250
72,1,0.500000,237603.296875
72,1,0.750000,397320.031250
72,1,1.000000,737756.125000
74,1,0.000000,8721.119141
74,1,0.200000,17830.218750
74,1,0.400000,42086.261719
74,1,0.500000,52399.101562
74,1,0.750000,286106.437500
74,1,1.000000,460017.000000
75,1,0.000000,0.000000
75,1,0.200000,10906.390625
75,1,0.400000,32118.673828
75,1,0.500000,70228.656250
75,1,0.750000,203863.718750
75,1,1.000000,621865.250000
76,1,0.000000,19184.892578
76,1,0.200000,67561.796875
76,1,0.400000,88200.148438
76,1,0.500000,95351.140625
76,1,0.750000,207638.500000
76,1,1.000000,373878.531250
78,1,0.000000,0.000000
78,1,0.200000,0.000000
78,1,0.400000,33553.398438
78,1,0.500000,51943.738281
78,1,0.750000,166563.984375
78,1,1.000000,787394.062500
79,1,0.000000,39333.132812
79,1,0.200000,159710.281250
79,1,0.400000,235189.015625
79,1,0.500000,263909.031250
79,1,0.750000,470114.781250
79,1,1.000000,675612.187500
84,1,0.000000,7011.336426
84,1,0.200000,100402.875000
84,1,0.400000,187219.625000
84,1,0.500000,271743.687500
84,1,0.750000,367412.031250
84,1,1.000000,434390.937500
85,1,0.000000,0.000000
85,1,0.200000,28851.861328
85,1,0.400000,81977.906250
85,1,0.500000,108017.195312
85,1,0.750000,294044.093750
85,1,1.000000,507141.218750
87,1,0.000000,21060.488281
87,1,0.200000,43492.652344
87,1,0.400000,80517.718750
87,1,0.500000,102497.578125
87,1,0.750000,139146.250000
87,1,1.000000,341367.187500
89,1,0.000000,0.000000
89,1,0.200000,439.065918
89,1,0.400000,72781.804688
89,1,0.500000,102071.210938
89,1,0.750000,252476.031250
89,1,1.000000,627686.687500
92,1,0.000000,0.000000
92,1,0.200000,12447.442383
92,1,0.400000,50600.101562
92,1,0.500000,113442.070312
92,1,0.750000,279076.375000
92,1,1.000000,665152.500000
102,1,0.000000,0.000000
102,1,0.200000,33937.652344
102,1,0.400000,44873.250000
102,1,0.500000,55621.222656
102,1,0.750000,260409.187500
102,1,1.000000,435327.156250
105,1,0.000000,0.000000
105,1,0.200000,31534.185547
105,1,0.400000,54841.796875
105,1,0.500000,64478.578125
105,1,0.750000,189475.765625
105,1,1.000000,576045.875000
109,1,0.000000,0.000000
109,1,0.200000,30157.605469
109,1,0.400000,57141.031250
109,1,0.500000,76965.953125
109,1,0.750000,109647.609375
109,1,1.000000,601785.312500
115,1,0.000000,15983.698242
115,1,0.200000,75237.742188
115,1,0.400000,228894.187500
115,1,0.500000,285859.000000
115,1,0.750000,497388.406250
115,1,1.000000,641646.687500
116,1,0.000000,10818.117188
116,1,0.200000,14404.618164
116,1,0.400000,47112.156250
116,1,0.500000,69714.187500
116,1,0.750000,116427.390625
116,1,1.000000,372323.562500
119,1,0.000000,0.000000
119,1,0.200000,11276.586914
119,1,0.400000,96080.398438
119,1,0.500000,163403.875000
119,1,0.750000,243622.218750
119,1,1.000000,466216.281250
120,1,0.000000,0.000000
120,1,0.200000,21140.037109
120,1,0.400000,51781.269531
120,1,0.500000,61579.406250
120,1,0.750000,197837.328125
120,1,1.000000,550622.187500
125,1,0.000000,0.000000
125,1,0.200000,21391.324219
125,1,0.400000,59819.285156
125,1,0.500000,70417.296875
125,1,0.750000,180294.843750
125,1,1.000000,555708.312500
132,1,0.000000,0.000000
132,1,0.200000,51043.226562
132,1,0.400000,77622.492188
132,1,0.500000,118086.929688
132,1,0.750000,277550.437500
132,1,1.000000,372911.312500
134,1,0.000000,0.000000
134,1,0.200000,34686.765625
134,1,0.400000,71763.851562
134,1,0.500000,117779.500000
134,1,0.750000,292961.312500
134,1,1.000000,914375.750000
137,1,0.000000,1383.114746
137,1,0.200000,65913.656250
137,1,0.400000,196630.031250
137,1,0.500000,235946.953125
137,1,0.750000,515383.843750
137,1,1.000000,777253.562500
145,1,0.000000,0.000000
145,1,0.200000,5185.081543
145,1,0.400000,44937.039062
145,1,0.500000,69835.796875
145,1,0.750000,225374.031250
145,1,1.000000,383276.468750
147,1,0.000000,0.000000
147,1,0.200000,14655.539062
147,1,0.400000,58871.351562
147,1,0.500000,64784.585938
147,1,0.750000,307602.062500
147,1,1.000000,554490.187500
148,1,0.000000,0.000000
148,1,0.200000,8644.874023
148,1,0.400000,35502.679688
148,1,0.500000,47368.250000
148,1,0.750000,120415.921875
148,1,1.000000,975734.687500
149,1,0.000000,0.000000
149,1,0.200000,22371.548828
149,1,0.400000,93105.304688
149,1,0.500000,116510.718750
149,1,0.750000,206686.562500
149,1,1.000000,308398.281250
161,1,0.000000,0.000000
161,1,0.200000,1749.249634
161,1,0.400000,73840.359375
161,1,0.500000,101948.703125
161,1,0.750000,266530.031250
161,1,1.000000,425970.406250
162,1,0.000000,0.000000
162,1,0.200000,3395.863770
162,1,0.400000,10682.666016
162,1,0.500000,102022.609375
162,1,0.750000,265335.687500
162,1,1.000000,508596.562500
164,1,0.000000,0.000000
164,1,0.200000,18630.726562
164,1,0.400000,31932.300781
164,1,0.500000,46616.593750
164,1,0.750000,184499.312500
164,1,1.000000,741422.125000
166,1,0.000000,0.000000
166,1,0.200000,0.000000
166,1,0.400000,10893.294922
166,1,0.500000,14542.158203
166,1,0.750000,110620.093750
166,1,1.000000,265737.531250
168,1,0.000000,0.000000
168,1,0.200000,36497.527344
168,1,0.400000,80499.257812
168,1,0.500000,84801.734375
168,1,0.750000,206460.500000
168,1,1.000000,425814.843750
175,1,0.000000,0.000000
175,1,0.200000,48170.875000
175,1,0.400000,73091.492188
175,1,0.500000,75412.640625
175,1,0.750000,182070.859375
175,1,1.000000,626270.187500
177,1,0.000000,287304.437500
177,1,0.200000,395305.406250
177,1,0.400000,450240.906250
177,1,0.500000,462105.312500
177,1,0.750000,736581.625000
177,1,1.000000,979759.125000
178,1,0.000000,0.000000
178,1,0.200000,4114.728516
178,1,0.400000,66961.265625
178,1,0.500000,120884.437500
178,1,0.750000,266843.468750
178,1,1.000000,467611.562500
183,1,0.000000,0.000000
183,1,0.200000,30994.843750
183,1,0.400000,74347.312500
183,1,0.500000,90750.375000
183,1,0.750000,140339.312500
183,1,1.000000,469824.812500
187,1,0.000000,0.000000
187,1,0.200000,60377.597656
187,1,0.400000,176279.031250
187,1,0.500000,230931.437500
187,1,0.750000,306359.250000
187,1,1.000000,526279.437500
192,1,0.000000,271.913269
192,1,0.200000,9717.897461
192,1,0.400000,32357.126953
192,1,0.500000,54466.847656
192,1,0.750000,211300.218750
192,1,1.000000,683066.125000
195,1,0.000000,0.000000
195,1,0.200000,15796.494141
195,1,0.400000,86546.546875
195,1,0.500000,131632.718750
195,1,0.750000,307344.687500
195,1,1.000000,678438.750000
196,1,0.000000,0.000000
196,1,0.200000,21282.894531
196,1,0.400000,55004.953125
196,1,0.500000,122123.468750
196,1,0.750000,246204.421875
196,1,1.000000,364853.812500
211,1,0.000000,0.000000
211,1,0.200000,26342.425781
211,1,0.400000,55702.554688
211,1,0.500000,81065.445312
211,1,0.750000,252875.031250
211,1,1.000000,380992.812500
213,1,0.000000,1073.518677
213,1,0.200000,25102.400391
213,1,0.400000,47992.191406
213,1,0.500000,58033.992188
213,1,0.750000,98720.125000
213,1,1.000000,626188.812500
218,1,0.000000,125552.429688
218,1,0.200000,193325.390625
218,1,0.400000,237760.375000
218,1,0.500000,269419.375000
218,1,0.750000,554419.250000
218,1,1.000000,1157233.500000
221,1,0.000000,0.000000
221,1,0.200000,57815.871094
221,1,0.400000,97449.804688
221,1,0.500000,110307.281250
221,1,0.750000,142012.140625
221,1,1.000000,233617.515625
222,1,0.000000,2229.596680
222,1,0.200000,18121.732422
222,1,0.400000,54685.070312
222,1,0.500000,74724.546875
222,1,0.750000,210476.437500
222,1,1.000000,690232.687500
231,1,0.000000,9113.941406
231,1,0.200000,66585.156250
231,1,0.400000,104945.195312
231,1,0.500000,150987.156250
231,1,0.750000,213265.687500
231,1,1.000000,312089.625000
233,1,0.000000,1366680.500000
233,1,0.200000,1466321.750000
233,1,0.400000,1470000.000000
233,1,0.500000,1470000.000000
233,1,0.750000,1470000.000000
233,1,1.000000,1470000.125000
237,1,0.000000,127230.976562
237,1,0.200000,152404.218750
237,1,0.400000,187711.875000
237,1,0.500000,236578.671875
237,1,0.750000,357355.687500
237,1,1.000000,436287.906250
241,1,0.000000,0.000000
241,1,0.200000,24723.697266
241,1,0.400000,66306.968750
241,1,0.500000,99698.179688
241,1,0.750000,206180.625000
241,1,1.000000,451466.781250
244,1,0.000000,0.000000
244,1,0.200000,32970.015625
244,1,0.400000,124498.773438
244,1,0.500000,166770.156250
244,1,0.750000,267675.468750
244,1,1.000000,658503.750000
249,1,0.000000,4112.244629
249,1,0.200000,29301.177734
249,1,0.400000,57268.175781
249,1,0.500000,79761.929688
249,1,0.750000,255012.937500
249,1,1.000000,282805.218750
254,1,0.000000,178398.078125
254,1,0.200000,234495.328125
254,1,0.400000,291602.562500
254,1,0.500000,538517.062500
254,1,0.750000,872002.875000
254,1,1.000000,1054643.625000
256,1,0.000000,0.000000
256,1,0.200000,20423.097656
256,1,0.400000,72381.320312
256,1,0.500000,116367.609375
256,1,0.750000,179073.187500
256,1,1.000000,528518.562500
258,1,0.000000,854.631775
258,1,0.200000,3387.995605
258,1,0.400000,40781.898438
258,1,0.500000,67474.281250
258,1,0.750000,150169.250000
258,1,1.000000,466050.500000
261,1,0.000000,19689.105469
261,1,0.200000,31452.013672
261,1,0.400000,101182.359375
261,1,0.500000,125927.531250
261,1,0.750000,195446.468750
261,1,1.000000,420192.062500
282,1,0.000000,0.000000
282,1,0.200000,4431.720703
282,1,0.400000,80651.742188
282,1,0.500000,143888.671875
282,1,0.750000,336559.250000
282,1,1.000000,497267.750000
283,1,0.000000,0.000000
283,1,0.200000,11811.882812
283,1,0.400000,91137.023438
283,1,0.500000,168974.281250
283,1,0.750000,252634.687500
283,1,1.000000,328892.562500
286,1,0.000000,0.000000
286,1,0.200000,23904.707031
286,1,0.400000,50481.476562
286,1,0.500000,60118.117188
286,1,0.750000,172508.656250
286,1,1.000000,495332.343750
287,1,0.000000,38637.812500
287,1,0.200000,122970.273438
287,1,0.400000,220424.187500
287,1,0.500000,282884.750000
287,1,0.750000,368121.406250
287,1,1.000000,686131.375000
289,1,0.000000,0.000000
289,1,0.200000,718.927612
289,1,0.400000,66415.187500
289,1,0.500000,127463.296875
289,1,0.750000,279601.312500
289,1,1.000000,601722.187500
290,1,0.000000,0.000000
290,1,0.200000,2859.450928
290,1,0.400000,69537.500000
290,1,0.500000,96559.875000
290,1,0.750000,180476.296875
290,1,1.000000,809985.250000
291,1,0.000000,518461.718750
291,1,0.200000,1036437.375000
291,1,0.400000,1233465.875000
291,1,0.500000,1350255.250000
291,1,0.750000,1446159.750000
291,1,1.000000,1470000.000000
292,1,0.000000,255125.281250
292,1,0.200000,490565.843750
292,1,0.400000,615799.812500
292,1,0.500000,628674.875000
292,1,0.750000,957618.937500
292,1,1.000000,1219929.750000
293,1,0.000000,0.000000
293,1,0.200000,32921.804688
293,1,0.400000,76135.921875
293,1,0.500000,111962.515625
293,1,0.750000,182152.953125
293,1,1.000000,423514.437500
294,1,0.000000,423857.937500
294,1,0.200000,839214.812500
294,1,0.400000,984478.437500
294,1,0.500000,1037082.562500
294,1,0.750000,1117253.000000
294,1,1.000000,1470000.000000
297,1,0.000000,0.000000
297,1,0.200000,13254.436523
297,1,0.400000,39424.664062
297,1,0.500000,60799.406250
297,1,0.750000,239350.843750
297,1,1.000000,362921.125000
301,1,0.000000,885570.750000
301,1,0.200000,1053119.375000
301,1,0.400000,1256889.250000
301,1,0.500000,1340194.750000
301,1,0.750000,1458071.250000
301,1,1.000000,1470000.000000
307,1,0.000000,321518.312500
307,1,0.200000,623529.500000
307,1,0.400000,698417.875000
307,1,0.500000,724507.500000
307,1,0.750000,825985.562500
307,1,1.000000,1186272.125000
309,1,0.000000,906.853149
309,1,0.200000,1870.920898
309,1,0.400000,29331.695312
309,1,0.500000,30495.769531
309,1,0.750000,327586.593750
309,1,1.000000,671947.062500
310,1,0.000000,712.017273
310,1,0.200000,8786.850586
310,1,0.400000,132499.765625
310,1,0.500000,158866.343750
310,1,0.750000,292521.437500
310,1,1.000000,420448.156250
317,1,0.000000,97949.609375
317,1,0.200000,561195.562500
317,1,0.400000,738979.312500
317,1,0.500000,921813.875000
317,1,0.750000,1122950.000000
317,1,1.000000,1429877.875000
320,1,0.000000,13797.511719
320,1,0.200000,45806.089844
320,1,0.400000,59080.953125
320,1,0.500000,69640.773438
320,1,0.750000,113498.320312
320,1,1.000000,412458.531250
321,1,0.000000,0.000000
321,1,0.200000,1576.785522
321,1,0.400000,56334.742188
321,1,0.500000,108357.554688
321,1,0.750000,241978.218750
321,1,1.000000,420424.437500
327,1,0.000000,0.000000
327,1,0.200000,18200.800781
327,1,0.400000,79766.804688
327,1,0.500000,100885.867188
327,1,0.750000,225987.187500
327,1,1.000000,294762.937500
328,1,0.000000,0.000000
328,1,0.200000,14830.348633
328,1,0.400000,21353.984375
328,1,0.500000,49516.531250
328,1,0.750000,286679.156250
328,1,1.000000,459301.906250
333,1,0.000000,780614.187500
333,1,0.200000,849928.937500
333,1,0.400000,1075875.625000
333,1,0.500000,1169280.875000
333,1,0.750000,1254336.875000
333,1,1.000000,1415964.500000
335,1,0.000000,0.000000
335,1,0.200000,15088.337891
335,1,0.400000,45289.585938
335,1,0.500000,68127.742188
335,1,0.750000,175176.625000
335,1,1.000000,624161.875000
336,1,0.000000,0.000000
336,1,0.200000,4358.124023
336,1,0.400000,57423.730469
336,1,0.500000,79391.000000
336,1,0.750000,168953.859375
336,1,1.000000,395009.156250
339,1,0.000000,0.000000
339,1,0.200000,1025.547485
339,1,0.400000,61892.843750
339,1,0.500000,80832.414062
339,1,0.750000,214568.406250
339,1,1.000000,407044.250000
345,1,0.000000,0.000000
345,1,0.200000,0.000000
345,1,0.400000,95062.882812
345,1,0.500000,104338.390625
345,1,0.750000,265465.250000
345,1,1.000000,326062.406250
347,1,0.000000,0.000000
347,1,0.200000,0.000000
347,1,0.400000,1456.180298
347,1,0.500000,2762.274902
347,1,0.750000,31013.994141
347,1,1.000000,457200.625000
349,1,0.000000,0.000000
349,1,0.200000,32101.742188
349,1,0.400000,141010.218750
349,1,0.500000,209907.625000
349,1,0.750000,273154.156250
349,1,1.000000,369588.781250
350,1,0.000000,6205.488770
350,1,0.200000,25023.591797
350,1,0.400000,56351.230469
350,1,0.500000,118944.851562
350,1,0.750000,194042.093750
350,1,1.000000,514452.375000
359,1,0.000000,0.000000
359,1,0.200000,39603.933594
359,1,0.400000,94991.109375
359,1,0.500000,119331.031250
359,1,0.750000,228029.703125
359,1,1.000000,384544.375000
360,1,0.000000,0.000000
360,1,0.200000,13797.167969
360,1,0.400000,26052.642578
360,1,0.500000,47692.226562
360,1,0.750000,216849.328125
360,1,1.000000,467183.906250
362,1,0.000000,12132.380859
362,1,0.200000,41479.207031
362,1,0.400000,123576.726562
362,1,0.500000,141821.468750
362,1,0.750000,191661.843750
362,1,1.000000,398437.843750
364,1,0.000000,0.000000
364,1,0.200000,34857.617188
364,1,0.400000,67320.906250
364,1,0.500000,84054.250000
364,1,0.750000,199577.515625
364,1,1.000000,299761.312500
367,1,0.000000,2003.391846
367,1,0.200000,48466.195312
367,1,0.400000,96802.070312
367,1,0.500000,113482.726562
367,1,0.750000,129686.640625
367,1,1.000000,538420.312500
369,1,0.000000,323072.187500
369,1,0.200000,353433.000000
369,1,0.400000,401431.468750
369,1,0.500000,430669.187500
369,1,0.750000,678718.375000
369,1,1.000000,1130210.125000
372,1,0.000000,0.000000
372,1,0.200000,7045.019043
372,1,0.400000,72009.375000
372,1,0.500000,94935.781250
372,1,0.750000,314678.562500
372,1,1.000000,575072.812500
375,1,0.000000,3837.495850
375,1,0.200000,29753.230469
375,1,0.400000,97128.156250
375,1,0.500000,147408.484375
375,1,0.750000,233125.781250
375,1,1.000000,530764.000000
380,1,0.000000,0.000000
380,1,0.200000,0.000000
380,1,0.400000,98297.070312
380,1,0.500000,123323.820312
380,1,0.750000,230321.156250
380,1,1.000000,421147.000000
383,1,0.000000,1241.102051
383,1,0.200000,38674.941406
383,1,0.400000,93789.429688
383,1,0.500000,97432.734375
383,1,0.750000,155487.125000
383,1,1.000000,610956.562500
386,1,0.000000,0.000000
386,1,0.200000,46583.269531
386,1,0.400000,64669.585938
386,1,0.500000,76942.132812
386,1,0.750000,142242.468750
386,1,1.000000,462891.031250
389,1,0.000000,29684.462891
389,1,0.200000,107283.890625
389,1,0.400000,219550.937500
389,1,0.500000,259400.546875
389,1,0.750000,389298.156250
389,1,1.000000,594420.750000
394,1,0.000000,0.000000
394,1,0.200000,47227.468750
394,1,0.400000,115152.046875
394,1,0.500000,147410.593750
394,1,0.750000,197031.609375
394,1,1.000000,429600.875000
400,1,0.000000,0.000000
400,1,0.200000,0.000000
400,1,0.400000,54256.566406
400,1,0.500000,114202.906250
400,1,0.750000,165185.921875
400,1,1.000000,308720.875000
402,1,0.000000,5355.106445
402,1,0.200000,18318.859375
402,1,0.400000,70027.406250
402,1,0.500000,82500.953125
402,1,0.750000,150999.156250
402,1,1.000000,557210.437500
408,1,0.000000,757699.625000
408,1,0.200000,954949.125000
408,1,0.400000,1027916.750000
408,1,0.500000,1086581.375000
408,1,0.750000,1290973.375000
408,1,1.000000,1467564.000000
423,1,0.000000,0.000000
423,1,0.200000,129346.859375
423,1,0.400000,196337.859375
423,1,0.500000,211114.218750
423,1,0.750000,440240.187500
423,1,1.000000,857982.750000
424,1,0.000000,206008.406250
424,1,0.200000,900079.000000
424,1,0.400000,1022040.312500
424,1,0.500000,1072122.750000
424,1,0.750000,1195109.125000
424,1,1.000000,1268721.375000
429,1,0.000000,0.000000
429,1,0.200000,53741.515625
429,1,0.400000,101496.906250
429,1,0.500000,127448.796875
429,1,0.750000,249046.687500
429,1,1.000000,327049.062500
431,1,0.000000,422903.000000
431,1,0.200000,706384.687500
431,1,0.400000,964136.500000
431,1,0.500000,1008919.875000
431,1,0.750000,1125361.375000
431,1,1.000000,1470000.000000
435,1,0.000000,75134.898438
435,1,0.200000,359844.875000
435,1,0.400000,499165.437500
435,1,0.500000,583817.312500
435,1,0.750000,734810.437500
435,1,1.000000,1172398.375000
441,1,0.000000,0.000000
441,1,0.200000,36199.546875
441,1,0.400000,71915.859375
441,1,0.500000,144872.593750
441,1,0.750000,274975.812500
441,1,1.000000,446514.281250
442,1,0.000000,0.000000
442,1,0.200000,0.000000
442,1,0.400000,75923.062500
442,1,0.500000,84030.578125
442,1,0.750000,275020.687500
442,1,1.000000,465935.156250
444,1,0.000000,0.000000
444,1,0.200000,0.000000
444,1,0.400000,2550.365723
444,1,0.500000,7389.966797
444,1,0.750000,118526.109375
444,1,1.000000,204149.843750
445,1,0.000000,9640.991211
445,1,0.200000,14372.580078
445,1,0.400000,40887.914062
445,1,0.500000,98748.375000
445,1,0.750000,211510.343750
445,1,1.000000,465967.125000
447,1,0.000000,0.000000
447,1,0.200000,0.000000
447,1,0.400000,64325.789062
447,1,0.500000,84828.445312
447,1,0.750000,124809.859375
447,1,1.000000,262192.375000
456,1,0.000000,375.482483
456,1,0.200000,41267.855469
456,1,0.400000,85009.015625
456,1,0.500000,117692.703125
456,1,0.750000,182906.796875
456,1,1.000000,427531.843750
458,1,0.000000,0.000000
458,1,0.200000,57076.062500
458,1,0.400000,78796.679688
458,1,0.500000,84521.468750
458,1,0.750000,175488.250000
458,1,1.000000,463295.906250
460,1,0.000000,0.000000
460,1,0.200000,37153.792969
460,1,0.400000,78828.906250
460,1,0.500000,110246.093750
460,1,0.750000,329060.593750
460,1,1.000000,511727.375000
463,1,0.000000,0.000000
463,1,0.200000,10286.209961
463,1,0.400000,28703.546875
463,1,0.500000,31916.183594
463,1,0.750000,43002.828125
463,1,1.000000,332068.281250
467,1,0.000000,0.000000
467,1,0.200000,17875.597656
467,1,0.400000,85220.890625
467,1,0.500000,125892.171875
467,1,0.750000,170478.843750
467,1,1.000000,759203.375000
468,1,0.000000,961.478333
468,1,0.200000,74868.171875
468,1,0.400000,116362.078125
468,1,0.500000,149289.031250
468,1,0.750000,241178.062500
468,1,1.000000,270314.531250
477,1,0.000000,0.000000
477,1,0.200000,1623.187012
477,1,0.400000,27119.808594
477,1,0.500000,55144.296875
477,1,0.750000,311423.687500
477,1,1.000000,526617.250000
485,1,0.000000,0.000000
485,1,0.200000,22343.851562
485,1,0.400000,45076.792969
485,1,0.500000,57626.796875
485,1,0.750000,185325.468750
485,1,1.000000,536330.312500
487,1,0.000000,0.000000
487,1,0.200000,30155.175781
487,1,0.400000,48623.250000
487,1,0.500000,61048.484375
487,1,0.750000,195921.531250
487,1,1.000000,702207.437500
494,1,0.000000,0.000000
494,1,0.200000,26869.861328
494,1,0.400000,58515.351562
494,1,0.500000,83088.031250
494,1,0.750000,123399.492188
494,1,1.000000,528329.562500
497,1,0.000000,0.000000
497,1,0.200000,12544.617188
497,1,0.400000,47035.109375
497,1,0.500000,107995.031250
497,1,0.750000,240082.937500
497,1,1.000000,356413.343750
498,1,0.000000,0.000000
498,1,0.200000,2558.828369
498,1,0.400000,19459.679688
498,1,0.500000,28273.824219
498,1,0.750000,113889.453125
498,1,1.000000,749411.687500
500,1,0.000000,634311.000000
500,1,0.200000,1160538.250000
500,1,0.400000,1236138.875000
500,1,0.500000,1268344.250000
500,1,0.750000,1426783.250000
500,1,1.000000,1470000.000000
502,1,0.000000,0.000000
502,1,0.200000,5335.000488
502,1,0.400000,77309.625000
502,1,0.500000,98670.750000
502,1,0.750000,276904.312500
502,1,1.000000,525575.375000
506,1,0.000000,0.000000
506,1,0.200000,21327.722656
506,1,0.400000,117657.921875
506,1,0.500000,146198.796875
506,1,0.750000,326303.437500
506,1,1.000000,415883.437500
510,1,0.000000,0.000000
510,1,0.200000,15603.558594
510,1,0.400000,52484.289062
510,1,0.500000,75579.312500
510,1,0.750000,215347.015625
510,1,1.000000,502146.062500
514,1,0.000000,1079.957642
514,1,0.200000,14651.031250
514,1,0.400000,73203.804688
514,1,0.500000,126962.617188
514,1,0.750000,259658.000000
514,1,1.000000,961658.000000
517,1,0.000000,399.445923
517,1,0.200000,6058.104980
517,1,0.400000,116872.828125
517,1,0.500000,166493.953125
517,1,0.750000,241955.312500
517,1,1.000000,255079.328125
521,1,0.000000,0.000000
521,1,0.200000,42000.417969
521,1,0.400000,64637.093750
521,1,0.500000,85890.578125
521,1,0.750000,153267.921875
521,1,1.000000,506134.562500
524,1,0.000000,0.000000
524,1,0.200000,11147.718750
524,1,0.400000,81696.242188
524,1,0.500000,128420.265625
524,1,0.750000,147955.781250
524,1,1.000000,377493.562500
533,1,0.000000,254875.250000
533,1,0.200000,517265.531250
533,1,0.400000,641233.250000
533,1,0.500000,699828.875000
533,1,0.750000,914941.687500
533,1,1.000000,1356645.500000
535,1,0.000000,0.000000
535,1,0.200000,4371.214844
535,1,0.400000,62275.753906
535,1,0.500000,66942.453125
535,1,0.750000,250101.187500
535,1,1.000000,394219.687500
538,1,0.000000,0.000000
538,1,0.200000,0.000000
538,1,0.400000,6315.116211
538,1,0.500000,17172.519531
538,1,0.750000,74099.445312
538,1,1.000000,173386.843750
539,1,0.000000,4964.608398
539,1,0.200000,39709.214844
539,1,0.400000,112246.898438
539,1,0.500000,171675.218750
539,1,0.750000,203560.296875
539,1,1.000000,445310.593750
543,1,0.000000,0.000000
543,1,0.200000,590.665527
543,1,0.400000,4547.136230
543,1,0.500000,52819.937500
543,1,0.750000,117729.953125
543,1,1.000000,397159.562500
551,1,0.000000,0.000000
551,1,0.200000,40323.117188
551,1,0.400000,95474.789062
551,1,0.500000,126659.750000
551,1,0.750000,294696.312500
551,1,1.000000,373432.531250
561,1,0.000000,0.000000
561,1,0.200000,15487.664062
561,1,0.400000,65262.503906
561,1,0.500000,92742.359375
561,1,0.750000,197772.890625
561,1,1.000000,331703.531250
564,1,0.000000,0.000000
564,1,0.200000,1294.083740
564,1,0.400000,45588.394531
564,1,0.500000,79423.429688
564,1,0.750000,262073.265625
564,1,1.000000,326002.187500
566,1,0.000000,1469999.875000
566,1,0.200000,1470000.000000
566,1,0.400000,1470000.000000
566,1,0.500000,1470000.000000
566,1,0.750000,1470000.000000
566,1,1.000000,1470000.000000
584,1,0.000000,0.000000
584,1,0.200000,2308.695801
584,1,0.400000,21637.490234
584,1,0.500000,81199.937500
584,1,0.750000,173392.234375
584,1,1.000000,715254.562500
586,1,0.000000,150797.656250
586,1,0.200000,438066.312500
586,1,0.400000,618558.437500
586,1,0.500000,666879.750000
586,1,0.750000,842139.750000
586,1,1.000000,1250192.250000
590,1,0.000000,0.000000
590,1,0.200000,201.664017
590,1,0.400000,73727.421875
590,1,0.500000,114957.531250
590,1,0.750000,185758.687500
590,1,1.000000,490895.937500
591,1,0.000000,0.000000
591,1,0.200000,26833.134766
591,1,0.400000,37748.031250
591,1,0.500000,49860.816406
591,1,0.750000,316144.718750
591,1,1.000000,529783.875000
603,1,0.000000,14.993573
603,1,0.200000,5684.045410
603,1,0.400000,29056.285156
603,1,0.500000,41693.281250
603,1,0.750000,204339.234375
603,1,1.000000,410968.937500
605,1,0.000000,40882.906250
605,1,0.200000,52993.992188
605,1,0.400000,107337.015625
605,1,0.500000,150347.812500
605,1,0.750000,200481.812500
605,1,1.000000,381563.718750
611,1,0.000000,5068.321289
611,1,0.200000,18287.564453
611,1,0.400000,52300.394531
611,1,0.500000,86055.750000
611,1,0.750000,148137.906250
611,1,1.000000,720916.625000
612,1,0.000000,0.000000
612,1,0.200000,25317.046875
612,1,0.400000,83774.359375
612,1,0.500000,154048.890625
612,1,0.750000,253506.343750
612,1,1.000000,456173.156250
614,1,0.000000,11355.487305
614,1,0.200000,16723.171875
614,1,0.400000,43280.941406
614,1,0.500000,59590.195312
614,1,0.750000,292506.718750
614,1,1.000000,713122.687500
618,1,0.000000,0.000000
618,1,0.200000,0.000000
618,1,0.400000,318.480164
618,1,0.500000,10999.640625
618,1,0.750000,121854.960938
618,1,1.000000,396227.406250
619,1,0.000000,0.000000
619,1,0.200000,1285.763672
619,1,0.400000,69833.046875
619,1,0.500000,94297.093750
619,1,0.750000,164922.921875
619,1,1.000000,466041.781250
620,1,0.000000,11335.126953
620,1,0.200000,43668.289062
620,1,0.400000,55860.507812
620,1,0.500000,85704.148438
620,1,0.750000,129666.351562
620,1,1.000000,413397.031250
621,1,0.000000,0.000000
621,1,0.200000,0.000000
621,1,0.400000,40641.410156
621,1,0.500000,59440.203125
621,1,0.750000,93077.804688
621,1,1.000000,273259.031250
631,1,0.000000,0.000000
631,1,0.200000,23777.027344
631,1,0.400000,93489.718750
631,1,0.500000,134668.625000
631,1,0.750000,204583.125000
631,1,1.000000,326805.468750
636,1,0.000000,427.105896
636,1,0.200000,10229.406250
636,1,0.400000,62335.316406
636,1,0.500000,95767.609375
636,1,0.750000,193159.937500
636,1,1.000000,426327.500000
642,1,0.000000,1470000.000000
642,1,0.200000,1470000.000000
642,1,0.400000,1470000.000000
642,1,0.500000,1470000.000000
642,1,0.750000,1470000.000000
642,1,1.000000,1470000.000000
645,1,0.000000,0.000000
645,1,0.200000,0.000000
645,1,0.400000,1553.526367
645,1,0.500000,18653.019531
645,1,0.750000,126373.460938
645,1,1.000000,256433.390625
647,1,0.000000,0.000000
647,1,0.200000,27352.894531
647,1,0.400000,73401.015625
647,1,0.500000,95358.281250
647,1,0.750000,141706.609375
647,1,1.000000,898152.000000
648,1,0.000000,243066.375000
648,1,0.200000,327529.625000
648,1,0.400000,501899.656250
648,1,0.500000,551378.437500
648,1,0.750000,645674.875000
648,1,1.000000,993621.937500
652,1,0.000000,320022.531250
652,1,0.200000,655745.500000
652,1,0.400000,803621.062500
652,1,0.500000,841283.125000
652,1,0.750000,1210147.375000
652,1,1.000000,1367394.375000
655,1,0.000000,0.000000
655,1,0.200000,0.000000
655,1,0.400000,8247.405273
655,1,0.500000,24005.960938
655,1,0.750000,87985.109375
655,1,1.000000,355794.625000
658,1,0.000000,959948.750000
658,1,0.200000,1238010.000000
658,1,0.400000,1349017.000000
658,1,0.500000,1379847.500000
658,1,0.750000,1470000.000000
658,1,1.000000,1470000.000000
663,1,0.000000,0.000000
663,1,0.200000,14567.567383
663,1,0.400000,57177.156250
663,1,0.500000,100266.382812
663,1,0.750000,229168.750000
663,1,1.000000,738941.062500
664,1,0.000000,1337381.125000
664,1,0.200000,1360068.375000
664,1,0.400000,1413013.125000
664,1,0.500000,1454179.750000
664,1,0.750000,1470000.000000
664,1,1.000000,1470000.125000
666,1,0.000000,0.000000
666,1,0.200000,4718.673828
666,1,0.400000,25424.808594
666,1,0.500000,44337.898438
666,1,0.750000,256402.937500
666,1,1.000000,621683.875000
670,1,0.000000,0.000000
670,1,0.200000,9733.738281
670,1,0.400000,88881.523438
670,1,0.500000,136966.046875
670,1,0.750000,352293.593750
670,1,1.000000,530772.875000
671,1,0.000000,0.000000
671,1,0.200000,6827.093750
671,1,0.400000,33070.867188
671,1,0.500000,105246.679688
671,1,0.750000,197147.406250
671,1,1.000000,408420.875000
674,1,0.000000,993.601562
674,1,0.200000,84760.171875
674,1,0.400000,116331.242188
674,1,0.500000,127677.468750
674,1,0.750000,145432.406250
674,1,1.000000,231306.937500
676,1,0.000000,4143.960449
676,1,0.200000,57895.828125
676,1,0.400000,78196.453125
676,1,0.500000,83571.625000
676,1,0.750000,199488.328125
676,1,1.000000,320984.656250
680,1,0.000000,0.000000
680,1,0.200000,1800.057861
680,1,0.400000,82791.132812
680,1,0.500000,94091.578125
680,1,0.750000,155080.843750
680,1,1.000000,814968.500000
684,1,0.000000,0.000000
684,1,0.200000,13285.322266
684,1,0.400000,44049.257812
684,1,0.500000,50576.996094
684,1,0.750000,175720.500000
684,1,1.000000,588565.937500
687,1,0.000000,0.000000
687,1,0.200000,44598.175781
687,1,0.400000,96586.718750
687,1,0.500000,113076.406250
687,1,0.750000,154428.375000
687,1,1.000000,520712.781250
693,1,0.000000,0.000000
693,1,0.200000,13333.150391
693,1,0.400000,89962.437500
693,1,0.500000,126705.546875
693,1,0.750000,307984.593750
693,1,1.000000,500490.125000
695,1,0.000000,0.000000
695,1,0.200000,23168.728516
695,1,0.400000,52662.246094
695,1,0.500000,72916.609375
695,1,0.750000,212611.937500
695,1,1.000000,796573.875000
698,1,0.000000,0.000000
698,1,0.200000,20865.316406
698,1,0.400000,56656.542969
698,1,0.500000,84959.218750
698,1,0.750000,265484.343750
698,1,1.000000,433733.250000
704,1,0.000000,90610.929688
704,1,0.200000,545659.125000
704,1,0.400000,690957.125000
704,1,0.500000,744004.125000
704,1,0.750000,906485.937500
704,1,1.000000,1175749.875000
706,1,0.000000,792.011536
706,1,0.200000,12743.044922
706,1,0.400000,19069.117188
706,1,0.500000,103662.679688
706,1,0.750000,239220.593750
706,1,1.000000,470162.156250
708,1,0.000000,24539.384766
708,1,0.200000,115577.765625
708,1,0.400000,207480.390625
708,1,0.500000,291261.031250
708,1,0.750000,442065.281250
708,1,1.000000,672344.562500
709,1,0.000000,227320.093750
709,1,0.200000,397273.625000
709,1,0.400000,663997.062500
709,1,0.500000,711471.250000
709,1,0.750000,1009964.625000
709,1,1.000000,1389005.375000
713,1,0.000000,582465.375000
713,1,0.200000,1141524.875000
713,1,0.400000,1241739.625000
713,1,0.500000,1255018.000000
713,1,0.750000,1384186.250000
713,1,1.000000,1470000.125000
714,1,0.000000,1370382.625000
714,1,0.200000,1467134.625000
714,1,0.400000,1470000.000000
714,1,0.500000,1470000.000000
714,1,0.750000,1470000.000000
714,1,1.000000,1470000.125000
718,1,0.000000,2150.683105
718,1,0.200000,27783.113281
718,1,0.400000,94047.984375
718,1,0.500000,130720.976562
718,1,0.750000,180629.828125
718,1,1.000000,409842.687500
720,1,0.000000,63125.101562
720,1,0.200000,330834.750000
720,1,0.400000,509320.500000
720,1,0.500000,625093.000000
720,1,0.750000,857920.437500
720,1,1.000000,967988.687500
737,1,0.000000,0.000000
737,1,0.200000,22877.691406
737,1,0.400000,81612.570312
737,1,0.500000,108285.750000
737,1,0.750000,235773.718750
737,1,1.000000,454876.750000
745,1,0.000000,0.000000
745,1,0.200000,8088.056152
745,1,0.400000,33270.023438
745,1,0.500000,74865.312500
745,1,0.750000,133460.843750
745,1,1.000000,570794.375000
749,1,0.000000,0.000000
749,1,0.200000,12199.319336
749,1,0.400000,45369.039062
749,1,0.500000,70735.039062
749,1,0.750000,245364.484375
749,1,1.000000,672722.437500
754,1,0.000000,1374017.500000
754,1,0.200000,1461091.375000
754,1,0.400000,1470000.000000
754,1,0.500000,1470000.000000
754,1,0.750000,1470000.000000
754,1,1.000000,1470000.125000
757,1,0.000000,0.000000
757,1,0.200000,9230.692383
757,1,0.400000,26535.802734
757,1,0.500000,64948.054688
757,1,0.750000,273129.062500
757,1,1.000000,431432.312500
762,1,0.000000,153.548553
762,1,0.200000,32231.939453
762,1,0.400000,49213.000000
762,1,0.500000,98419.843750
762,1,0.750000,184564.406250
762,1,1.000000,435845.375000
768,1,0.000000,0.000000
768,1,0.200000,0.000000
768,1,0.400000,11054.640625
768,1,0.500000,56626.515625
768,1,0.750000,156802.625000
768,1,1.000000,426138.906250
774,1,0.000000,0.000000
774,1,0.200000,5843.723633
774,1,0.400000,53246.632812
774,1,0.500000,78428.156250
774,1,0.750000,223249.375000
774,1,1.000000,497591.968750
776,1,0.000000,0.000000
776,1,0.200000,8925.286133
776,1,0.400000,39781.402344
776,1,0.500000,84232.281250
776,1,0.750000,197274.406250
776,1,1.000000,522486.687500
777,1,0.000000,0.000000
777,1,0.200000,0.000000
777,1,0.400000,990.503052
777,1,0.500000,3765.170898
777,1,0.750000,57859.335938
777,1,1.000000,481495.937500
779,1,0.000000,0.000000
779,1,0.200000,6754.030273
779,1,0.400000,62477.792969
779,1,0.500000,64014.417969
779,1,0.750000,317593.875000
779,1,1.000000,749074.937500
780,1,0.000000,343580.500000
780,1,0.200000,410479.468750
780,1,0.400000,469018.687500
780,1,0.500000,485520.125000
780,1,0.750000,741489.375000
780,1,1.000000,953404.187500
782,1,0.000000,0.000000
782,1,0.200000,29142.757812
782,1,0.400000,58575.867188
782,1,0.500000,72297.468750
782,1,0.750000,235280.125000
782,1,1.000000,623022.562500
785,1,0.000000,0.000000
785,1,0.200000,19164.332031
785,1,0.400000,24566.648438
785,1,0.500000,35428.351562
785,1,0.750000,181582.968750
785,1,1.000000,629654.187500
790,1,0.000000,0.000000
790,1,0.200000,14345.083008
790,1,0.400000,33927.238281
790,1,0.500000,47314.507812
790,1,0.750000,194135.343750
790,1,1.000000,737198.125000
791,1,0.000000,1508.289917
791,1,0.200000,21317.136719
791,1,0.400000,109873.937500
791,1,0.500000,142661.218750
791,1,0.750000,290833.593750
791,1,1.000000,465475.625000
793,1,0.000000,0.000000
793,1,0.200000,47769.738281
793,1,0.400000,63319.445312
793,1,0.500000,77268.171875
793,1,0.750000,189604.328125
793,1,1.000000,573274.875000
800,1,0.000000,0.000000
800,1,0.200000,21642.158203
800,1,0.400000,70549.546875
800,1,0.500000,136548.421875
800,1,0.750000,207396.093750
800,1,1.000000,464877.093750
805,1,0.000000,0.000000
805,1,0.200000,0.000000
805,1,0.400000,10481.173828
805,1,0.500000,51333.429688
805,1,0.750000,184596.937500
805,1,1.000000,574380.937500
808,1,0.000000,6045.554688
808,1,0.200000,35619.820312
808,1,0.400000,65563.343750
808,1,0.500000,84861.203125
808,1,0.750000,128746.851562
808,1,1.000000,596881.062500
809,1,0.000000,541.985718
809,1,0.200000,27577.554688
809,1,0.400000,61596.871094
809,1,0.500000,90381.500000
809,1,0.750000,152678.640625
809,1,1.000000,578829.375000
824,1,0.000000,0.000000
824,1,0.200000,42067.265625
824,1,0.400000,56395.789062
824,1,0.500000,69359.343750
824,1,0.750000,172982.500000
824,1,1.000000,530708.312500
825,1,0.000000,0.000000
825,1,0.200000,49360.484375
825,1,0.400000,75267.125000
825,1,0.500000,96368.609375
825,1,0.750000,201217.046875
825,1,1.000000,479835.906250
828,1,0.000000,0.000000
828,1,0.200000,21872.289062
828,1,0.400000,42636.207031
828,1,0.500000,59296.640625
828,1,0.750000,264308.062500
828,1,1.000000,394741.718750
830,1,0.000000,6644.335938
830,1,0.200000,78130.593750
830,1,0.400000,431463.718750
830,1,0.500000,488312.468750
830,1,0.750000,677101.375000
830,1,1.000000,880005.000000
834,1,0.000000,0.000000
834,1,0.200000,4295.053711
834,1,0.400000,28279.625000
834,1,0.500000,64997.101562
834,1,0.750000,446134.531250
834,1,1.000000,569099.062500
843,1,0.000000,0.000000
843,1,0.200000,19164.996094
843,1,0.400000,28059.546875
843,1,0.500000,56354.632812
843,1,0.750000,175802.468750
843,1,1.000000,580225.000000
847,1,0.000000,0.000000
847,1,0.200000,9709.407227
847,1,0.400000,29755.890625
847,1,0.500000,56258.304688
847,1,0.750000,133638.468750
847,1,1.000000,467747.687500
848,1,0.000000,0.000000
848,1,0.200000,15230.407227
848,1,0.400000,40472.265625
848,1,0.500000,88451.937500
848,1,0.750000,142171.812500
848,1,1.000000,498169.062500
851,1,0.000000,0.000000
851,1,0.200000,9445.796875
851,1,0.400000,43249.109375
851,1,0.500000,63781.945312
851,1,0.750000,333375.843750
851,1,1.000000,398860.093750
853,1,0.000000,0.000000
853,1,0.200000,3428.324707
853,1,0.400000,29725.011719
853,1,0.500000,67495.343750
853,1,0.750000,394379.062500
853,1,1.000000,549993.750000
854,1,0.000000,0.000000
854,1,0.200000,0.000000
854,1,0.400000,30339.580078
854,1,0.500000,58640.910156
854,1,0.750000,119255.234375
854,1,1.000000,221617.187500
855,1,0.000000,16935.968750
855,1,0.200000,22869.031250
855,1,0.400000,52108.703125
855,1,0.500000,70513.171875
855,1,0.750000,282526.781250
855,1,1.000000,606216.812500
859,1,0.000000,0.000000
859,1,0.200000,7680.707031
859,1,0.400000,61335.789062
859,1,0.500000,93338.554688
859,1,0.750000,232385.500000
859,1,1.000000,519047.187500
861,1,0.000000,223067.312500
861,1,0.200000,309676.812500
861,1,0.400000,359024.718750
861,1,0.500000,369008.593750
861,1,0.750000,469903.125000
861,1,1.000000,715384.687500
862,1,0.000000,0.000000
862,1,0.200000,22123.851562
862,1,0.400000,88793.500000
862,1,0.500000,146603.593750
862,1,0.750000,339455.062500
862,1,1.000000,409824.468750
864,1,0.000000,1301251.500000
864,1,0.200000,1375556.500000
864,1,0.400000,1431841.375000
864,1,0.500000,1444707.625000
864,1,0.750000,1466322.500000
864,1,1.000000,1470000.000000
868,1,0.000000,0.000000
868,1,0.200000,16566.759766
868,1,0.400000,53913.589844
868,1,0.500000,94195.585938
868,1,0.750000,268478.000000
868,1,1.000000,387492.750000
874,1,0.000000,0.000000
874,1,0.200000,42954.042969
874,1,0.400000,136367.625000
874,1,0.500000,148280.562500
874,1,0.750000,272053.218750
874,1,1.000000,305207.500000
877,1,0.000000,0.000000
877,1,0.200000,42482.542969
877,1,0.400000,144667.906250
877,1,0.500000,166118.562500
877,1,0.750000,285149.875000
877,1,1.000000,359397.031250
880,1,0.000000,7970.952148
880,1,0.200000,31152.207031
880,1,0.400000,184385.578125
880,1,0.500000,259468.609375
880,1,0.750000,471893.687500
880,1,1.000000,600680.312500
885,1,0.000000,4879.282227
885,1,0.200000,49785.640625
885,1,0.400000,71436.351562
885,1,0.500000,89162.265625
885,1,0.750000,255182.906250
885,1,1.000000,327283.656250
896,1,0.000000,0.000000
896,1,0.200000,7707.032227
896,1,0.400000,40679.390625
896,1,0.500000,86713.437500
896,1,0.750000,297510.875000
896,1,1.000000,426100.562500
897,1,0.000000,0.000000
897,1,0.200000,43255.585938
897,1,0.400000,126056.453125
897,1,0.500000,141549.125000
897,1,0.750000,254809.125000
897,1,1.000000,374920.656250
898,1,0.000000,753.773438
898,1,0.200000,164576.921875
898,1,0.400000,244741.593750
898,1,0.500000,288936.500000
898,1,0.750000,334758.812500
898,1,1.000000,796839.625000
902,1,0.000000,0.000000
902,1,0.200000,1054.300171
902,1,0.400000,13287.224609
902,1,0.500000,25147.501953
902,1,0.750000,53218.980469
902,1,1.000000,308458.125000
907,1,0.000000,0.000000
907,1,0.200000,0.000000
907,1,0.400000,56311.234375
907,1,0.500000,107177.687500
907,1,0.750000,285839.906250
907,1,1.000000,888019.562500
909,1,0.000000,0.000000
909,1,0.200000,15062.294922
909,1,0.400000,19393.220703
909,1,0.500000,29796.820312
909,1,0.750000,194926.687500
909,1,1.000000,477313.781250
910,1,0.000000,0.000000
910,1,0.200000,6780.266602
910,1,0.400000,113332.445312
910,1,0.500000,144307.812500
910,1,0.750000,202789.531250
910,1,1.000000,630389.625000
919,1,0.000000,5841.576660
919,1,0.200000,28078.740234
919,1,0.400000,57594.300781
919,1,0.500000,65447.765625
919,1,0.750000,196170.734375
919,1,1.000000,453194.625000
929,1,0.000000,6763.253906
929,1,0.200000,22200.929688
929,1,0.400000,93497.953125
929,1,0.500000,101776.875000
929,1,0.750000,253684.281250
929,1,1.000000,439639.906250
934,1,0.000000,0.000000
934,1,0.200000,4014.508545
934,1,0.400000,34249.074219
934,1,0.500000,34408.101562
934,1,0.750000,170832.187500
934,1,1.000000,406617.500000
935,1,0.000000,0.000000
935,1,0.200000,3213.394775
935,1,0.400000,35502.703125
935,1,0.500000,53280.101562
935,1,0.750000,262280.187500
935,1,1.000000,615302.375000
942,1,0.000000,168458.312500
942,1,0.200000,253392.421875
942,1,0.400000,367022.437500
942,1,0.500000,415183.406250
942,1,0.750000,494509.562500
942,1,1.000000,699437.750000
944,1,0.000000,8792.697266
944,1,0.200000,65816.015625
944,1,0.400000,172071.500000
944,1,0.500000,260291.781250
944,1,0.750000,427257.312500
944,1,1.000000,543457.750000
946,1,0.000000,0.000000
946,1,0.200000,0.000000
946,1,0.400000,9478.328125
946,1,0.500000,83168.554688
946,1,0.750000,314853.343750
946,1,1.000000,472746.687500
951,1,0.000000,0.000000
951,1,0.200000,20124.712891
951,1,0.400000,61812.187500
951,1,0.500000,116696.562500
951,1,0.750000,281768.937500
951,1,1.000000,583002.250000
952,1,0.000000,0.000000
952,1,0.200000,10363.315430
952,1,0.400000,21755.476562
952,1,0.500000,63809.785156
952,1,0.750000,138807.046875
952,1,1.000000,519468.312500
954,1,0.000000,2138.431641
954,1,0.200000,15593.477539
954,1,0.400000,94075.460938
954,1,0.500000,101539.156250
954,1,0.750000,251589.375000
954,1,1.000000,384018.937500
958,1,0.000000,0.000000
958,1,0.200000,13674.237305
958,1,0.400000,81235.429688
958,1,0.500000,118891.031250
958,1,0.750000,260157.671875
958,1,1.000000,427598.500000
962,1,0.000000,0.000000
962,1,0.200000,10550.945312
962,1,0.400000,83197.265625
962,1,0.500000,111976.593750
962,1,0.750000,121820.015625
962,1,1.000000,482024.593750
965,1,0.000000,0.000000
965,1,0.200000,21554.353516
965,1,0.400000,76905.203125
965,1,0.500000,112498.929688
965,1,0.750000,201200.421875
965,1,1.000000,469951.000000
968,1,0.000000,0.000000
968,1,0.200000,479.477570
968,1,0.400000,71655.929688
968,1,0.500000,131566.468750
968,1,0.750000,220266.937500
968,1,1.000000,553764.437500
974,1,0.000000,1777.126953
974,1,0.200000,29282.871094
974,1,0.400000,113792.328125
974,1,0.500000,153761.453125
974,1,0.750000,281303.687500
974,1,1.000000,570996.812500
982,1,0.000000,382892.187500
982,1,0.200000,473349.375000
982,1,0.400000,655287.250000
982,1,0.500000,710639.062500
982,1,0.750000,1193410.875000
982,1,1.000000,1425346.500000
988,1,0.000000,0.000000
988,1,0.200000,61059.417969
988,1,0.400000,243277.437500
988,1,0.500000,270192.625000
988,1,0.750000,407071.093750
988,1,1.000000,804459.187500
990,1,0.000000,156835.890625
990,1,0.200000,397878.937500
990,1,0.400000,541570.062500
990,1,0.500000,572733.750000
990,1,0.750000,699809.437500
990,1,1.000000,899302.875000
993,1,0.000000,3260.106689
993,1,0.200000,47129.140625
993,1,0.400000,77820.359375
993,1,0.500000,101134.617188
993,1,0.750000,207729.671875
993,1,1.000000,457973.281250
994,1,0.000000,915.974731
994,1,0.200000,43968.480469
994,1,0.400000,57580.042969
994,1,0.500000,93632.187500
994,1,0.750000,247555.078125
994,1,1.000000,607020.687500
995,1,0.000000,0.000000
995,1,0.200000,18532.087891
995,1,0.400000,34303.878906
995,1,0.500000,45284.683594
995,1,0.750000,208631.734375
995,1,1.000000,593572.750000
997,1,0.000000,0.000000
997,1,0.200000,5301.757812
997,1,0.400000,42785.343750
997,1,0.500000,47190.664062
997,1,0.750000,203072.578125
997,1,1.000000,357341.843750
1000,1,0.000000,1266.384644
1000,1,0.200000,25563.550781
1000,1,0.400000,112846.078125
1000,1,0.500000,135847.187500
1000,1,0.750000,180490.890625
1000,1,1.000000,421994.937500
1003,1,0.000000,0.000000
1003,1,0.200000,18586.486328
1003,1,0.400000,38784.765625
1003,1,0.500000,66694.242188
1003,1,0.750000,145167.687500
1003,1,1.000000,682281.750000
1005,1,0.000000,0.000000
1005,1,0.200000,30783.945312
1005,1,0.400000,69418.632812
1005,1,0.500000,90095.953125
1005,1,0.750000,231101.562500
1005,1,1.000000,319587.062500
1011,1,0.000000,0.000000
1011,1,0.200000,15684.603516
1011,1,0.400000,71738.898438
1011,1,0.500000,85122.148438
1011,1,0.750000,228645.468750
1011,1,1.000000,611954.062500
1021,1,0.000000,0.000000
1021,1,0.200000,51661.898438
1021,1,0.400000,64306.257812
1021,1,0.500000,82251.710938
1021,1,0.750000,181134.234375
1021,1,1.000000,520695.812500
1027,1,0.000000,0.000000
1027,1,0.200000,40833.019531
1027,1,0.400000,79355.414062
1027,1,0.500000,86608.156250
1027,1,0.750000,243280.781250
1027,1,1.000000,458406.312500
1031,1,0.000000,0.000000
1031,1,0.200000,33808.000000
1031,1,0.400000,52562.343750
1031,1,0.500000,74044.203125
1031,1,0.750000,179231.453125
1031,1,1.000000,426820.062500
1038,1,0.000000,0.000000
1038,1,0.200000,29142.687500
1038,1,0.400000,61274.738281
1038,1,0.500000,76616.984375
1038,1,0.750000,154898.750000
1038,1,1.000000,723093.125000
1050,1,0.000000,0.000000
1050,1,0.200000,14660.507812
1050,1,0.400000,62952.093750
1050,1,0.500000,100107.937500
1050,1,0.750000,167744.984375
1050,1,1.000000,433815.906250
1056,1,0.000000,0.000000
1056,1,0.200000,13847.634766
1056,1,0.400000,57133.867188
1056,1,0.500000,75093.203125
1056,1,0.750000,166004.390625
1056,1,1.000000,271700.031250
1061,1,0.000000,0.000000
1061,1,0.200000,16937.591797
1061,1,0.400000,25962.535156
1061,1,0.500000,36336.300781
1061,1,0.750000,225695.968750
1061,1,1.000000,704832.125000
1066,1,0.000000,0.000000
1066,1,0.200000,17917.544922
1066,1,0.400000,83092.507812
1066,1,0.500000,122119.679688
1066,1,0.750000,250677.343750
1066,1,1.000000,444769.281250
1070,1,0.000000,0.000000
1070,1,0.200000,2925.349121
1070,1,0.400000,37927.589844
1070,1,0.500000,95196.593750
1070,1,0.750000,312880.093750
1070,1,1.000000,772714.875000
1075,1,0.000000,0.000000
1075,1,0.200000,814.719055
1075,1,0.400000,71459.437500
1075,1,0.500000,130835.117188
1075,1,0.750000,189639.937500
1075,1,1.000000,503144.500000
1077,1,0.000000,0.000000
1077,1,0.200000,0.000000
1077,1,0.400000,0.000000
1077,1,0.500000,11411.333984
1077,1,0.750000,59140.781250
1077,1,1.000000,375225.843750
1081,1,0.000000,5498.846680
1081,1,0.200000,22179.623047
1081,1,0.400000,37840.671875
1081,1,0.500000,45513.000000
1081,1,0.750000,226516.468750
1081,1,1.000000,331597.875000
1082,1,0.000000,0.000000
1082,1,0.200000,58613.804688
1082,1,0.400000,267350.000000
1082,1,0.500000,297854.437500
1082,1,0.750000,395063.875000
1082,1,1.000000,612487.437500
1085,1,0.000000,0.000000
1085,1,0.200000,64358.378906
1085,1,0.400000,121243.945312
1085,1,0.500000,156429.468750
1085,1,0.750000,209035.843750
1085,1,1.000000,473638.593750
1086,1,0.000000,17098.710938
1086,1,0.200000,43101.550781
1086,1,0.400000,89465.882812
1086,1,0.500000,116148.359375
1086,1,0.750000,168715.984375
1086,1,1.000000,303989.250000
1093,1,0.000000,3488.614746
1093,1,0.200000,49144.050781
1093,1,0.400000,88186.750000
1093,1,0.500000,110065.750000
1093,1,0.750000,185271.453125
1093,1,1.000000,250023.734375
1094,1,0.000000,9684.915039
1094,1,0.200000,24369.687500
1094,1,0.400000,40065.140625
1094,1,0.500000,72002.187500
1094,1,0.750000,117876.945312
1094,1,1.000000,186234.000000
1095,1,0.000000,0.000000
1095,1,0.200000,0.000000
1095,1,0.400000,368.408081
1095,1,0.500000,2113.662598
1095,1,0.750000,140040.968750
1095,1,1.000000,485744.625000
1097,1,0.000000,0.000000
1097,1,0.200000,0.000000
1097,1,0.400000,1828.462891
1097,1,0.500000,6993.155273
1097,1,0.750000,48936.574219
1097,1,1.000000,341079.281250
1098,1,0.000000,3860.478271
1098,1,0.200000,7822.693359
1098,1,0.400000,46908.281250
1098,1,0.500000,69959.062500
1098,1,0.750000,208658.984375
1098,1,1.000000,387112.125000
1104,1,0.000000,0.000000
1104,1,0.200000,0.000000
1104,1,0.400000,11761.666016
1104,1,0.500000,52911.816406
1104,1,0.750000,238124.312500
1104,1,1.000000,508371.156250
1105,1,0.000000,0.000000
1105,1,0.200000,14029.874023
1105,1,0.400000,98961.179688
1105,1,0.500000,143880.312500
1105,1,0.750000,193171.593750
1105,1,1.000000,383814.812500
1107,1,0.000000,0.000000
1107,1,0.200000,0.000000
1107,1,0.400000,64902.570312
1107,1,0.500000,84897.773438
1107,1,0.750000,188297.312500
1107,1,1.000000,385960.250000
1112,1,0.000000,0.000000
1112,1,0.200000,8887.878906
1112,1,0.400000,58295.726562
1112,1,0.500000,107619.070312
1112,1,0.750000,197905.328125
1112,1,1.000000,445200.187500
1114,1,0.000000,0.000000
1114,1,0.200000,16719.152344
1114,1,0.400000,82107.507812
1114,1,0.500000,104699.312500
1114,1,0.750000,200265.375000
1114,1,1.000000,320308.812500
1117,1,0.000000,0.000000
1117,1,0.200000,19572.673828
1117,1,0.400000,34281.109375
1117,1,0.500000,48054.984375
1117,1,0.750000,259902.250000
1117,1,1.000000,415148.781250
1120,1,0.000000,0.000000
1120,1,0.200000,11868.740234
1120,1,0.400000,26795.791016
1120,1,0.500000,60396.937500
1120,1,0.750000,240293.625000
1120,1,1.000000,362493.968750
1122,1,0.000000,2732.081299
1122,1,0.200000,23508.546875
1122,1,0.400000,39309.726562
1122,1,0.500000,49972.070312
1122,1,0.750000,189732.984375
1122,1,1.000000,593415.375000
1127,1,0.000000,0.000000
1127,1,0.200000,31469.388672
1127,1,0.400000,85868.804688
1127,1,0.500000,98719.812500
1127,1,0.750000,177355.015625
1127,1,1.000000,322453.500000
1130,1,0.000000,0.000000
1130,1,0.200000,6841.602051
1130,1,0.400000,62780.144531
1130,1,0.500000,79946.195312
1130,1,0.750000,233714.796875
1130,1,1.000000,632675.437500
1137,1,0.000000,86472.570312
1137,1,0.200000,116016.023438
1137,1,0.400000,165809.125000
1137,1,0.500000,232043.687500
1137,1,0.750000,357366.750000
1137,1,1.000000,675266.125000
1138,1,0.000000,10656.819336
1138,1,0.200000,26699.998047
1138,1,0.400000,121567.546875
1138,1,0.500000,168580.031250
1138,1,0.750000,205910.921875
1138,1,1.000000,297526.468750
1139,1,0.000000,2763.260254
1139,1,0.200000,6639.514648
1139,1,0.400000,24437.218750
1139,1,0.500000,85574.234375
1139,1,0.750000,244259.437500
1139,1,1.000000,760081.750000
1142,1,0.000000,0.000000
1142,1,0.200000,15355.857422
1142,1,0.400000,69569.898438
1142,1,0.500000,106469.937500
1142,1,0.750000,153696.937500
1142,1,1.000000,536324.062500
1144,1,0.000000,27909.455078
1144,1,0.200000,61039.167969
1144,1,0.400000,97756.992188
1144,1,0.500000,122606.515625
1144,1,0.750000,163711.890625
1144,1,1.000000,350238.031250
1151,1,0.000000,0.000000
1151,1,0.200000,16109.027344
1151,1,0.400000,67875.078125
1151,1,0.500000,87405.195312
1151,1,0.750000,117585.421875
1151,1,1.000000,525912.500000
1152,1,0.000000,0.000000
1152,1,0.200000,1742.124878
1152,1,0.400000,134461.656250
1152,1,0.500000,215386.156250
1152,1,0.750000,259154.765625
1152,1,1.000000,302062.687500
1154,1,0.000000,0.000000
1154,1,0.200000,13379.115234
1154,1,0.400000,48595.925781
1154,1,0.500000,93627.562500
1154,1,0.750000,133112.265625
1154,1,1.000000,640109.375000
1155,1,0.000000,0.000000
1155,1,0.200000,40817.390625
1155,1,0.400000,74190.968750
1155,1,0.500000,128493.765625
1155,1,0.750000,261355.609375
1155,1,1.000000,559610.500000
1161,1,0.000000,0.000000
1161,1,0.200000,8074.921387
1161,1,0.400000,28681.548828
1161,1,0.500000,39821.882812
1161,1,0.750000,177880.656250
1161,1,1.000000,643593.812500
1166,1,0.000000,5605.378906
1166,1,0.200000,11990.226562
1166,1,0.400000,30933.296875
1166,1,0.500000,43128.597656
1166,1,0.750000,175719.515625
1166,1,1.000000,673670.500000
1188,1,0.000000,0.000000
1188,1,0.200000,0.000000
1188,1,0.400000,67757.382812
1188,1,0.500000,136145.140625
1188,1,0.750000,305923.781250
1188,1,1.000000,442186.437500
1193,1,0.000000,0.000000
1193,1,0.200000,130549.859375
1193,1,0.400000,260946.375000
1193,1,0.500000,287621.312500
1193,1,0.750000,395934.562500
1193,1,1.000000,477355.625000
1210,1,0.000000,0.000000
1210,1,0.200000,5319.746094
1210,1,0.400000,57125.015625
1210,1,0.500000,121279.078125
1210,1,0.750000,283758.437500
1210,1,1.000000,671245.625000
1214,1,0.000000,53062.957031
1214,1,0.200000,149312.093750
1214,1,0.400000,193109.265625
1214,1,0.500000,244440.000000
1214,1,0.750000,397693.781250
1214,1,1.000000,531672.937500
1217,1,0.000000,0.000000
1217,1,0.200000,16108.471680
1217,1,0.400000,24666.957031
1217,1,0.500000,37054.707031
1217,1,0.750000,198234.968750
1217,1,1.000000,531537.812500
1221,1,0.000000,0.000000
1221,1,0.200000,0.000000
1221,1,0.400000,75.566208
1221,1,0.500000,27992.386719
1221,1,0.750000,134773.843750
1221,1,1.000000,567869.625000
1225,1,0.000000,0.000000
1225,1,0.200000,12840.127930
1225,1,0.400000,49524.500000
1225,1,0.500000,67560.703125
1225,1,0.750000,144181.125000
1225,1,1.000000,874807.000000
1226,1,0.000000,5418.484375
1226,1,0.200000,25707.449219
1226,1,0.400000,56142.042969
1226,1,0.500000,79616.187500
1226,1,0.750000,174320.812500
1226,1,1.000000,491185.468750
1227,1,0.000000,2817.808350
1227,1,0.200000,23372.013672
1227,1,0.400000,96664.015625
1227,1,0.500000,111929.445312
1227,1,0.750000,214261.437500
1227,1,1.000000,386179.625000
1229,1,0.000000,96365.703125
1229,1,0.200000,267802.281250
1229,1,0.400000,457663.687500
1229,1,0.500000,523409.968750
1229,1,0.750000,842865.500000
1229,1,1.000000,1006396.875000
1231,1,0.000000,755968.375000
1231,1,0.200000,872911.250000
1231,1,0.400000,1140886.750000
1231,1,0.500000,1329110.000000
1231,1,0.750000,1451251.500000
1231,1,1.000000,1470000.000000
1239,1,0.000000,0.000000
1239,1,0.200000,20362.488281
1239,1,0.400000,108697.601562
1239,1,0.500000,118693.093750
1239,1,0.750000,195212.015625
1239,1,1.000000,434277.593750
1243,1,0.000000,0.000000
1243,1,0.200000,46468.160156
1243,1,0.400000,70717.351562
1243,1,0.500000,73905.156250
1243,1,0.750000,170211.718750
1243,1,1.000000,414525.937500
1255,1,0.000000,10320.289062
1255,1,0.200000,29313.335938
1255,1,0.400000,36234.144531
1255,1,0.500000,50422.714844
1255,1,0.750000,312183.687500
1255,1,1.000000,503995.625000
1262,1,0.000000,0.000000
1262,1,0.200000,7454.540039
1262,1,0.400000,34614.367188
1262,1,0.500000,66728.960938
1262,1,0.750000,148412.984375
1262,1,1.000000,631821.375000
1265,1,0.000000,0.000000
1265,1,0.200000,27489.552734
1265,1,0.400000,86237.000000
1265,1,0.500000,128441.468750
1265,1,0.750000,228123.500000
1265,1,1.000000,275504.718750
1267,1,0.000000,0.000000
1267,1,0.200000,25820.423828
1267,1,0.400000,98589.515625
1267,1,0.500000,145687.906250
1267,1,0.750000,189061.078125
1267,1,1.000000,618589.000000
1271,1,0.000000,1470000.000000
1271,1,0.200000,1470000.000000
1271,1,0.400000,1470000.000000
1271,1,0.500000,1470000.000000
1271,1,0.750000,1470000.000000
1271,1,1.000000,1470000.000000
1274,1,0.000000,0.000000
1274,1,0.200000,22692.064453
1274,1,0.400000,75681.085938
1274,1,0.500000,97763.703125
1274,1,0.750000,256013.203125
1274,1,1.000000,597730.812500
1275,1,0.000000,58685.062500
1275,1,0.200000,362925.937500
1275,1,0.400000,543034.875000
1275,1,0.500000,561847.125000
1275,1,0.750000,640286.625000
1275,1,1.000000,1347987.625000
1285,1,0.000000,1528.580200
1285,1,0.200000,15900.207031
1285,1,0.400000,103428.406250
1285,1,0.500000,156494.359375
1285,1,0.750000,266605.250000
1285,1,1.000000,418301.625000
1290,1,0.000000,0.000000
1290,1,0.200000,12086.842773
1290,1,0.400000,34673.054688
1290,1,0.500000,102835.726562
1290,1,0.750000,315617.468750
1290,1,1.000000,364854.875000
1294,1,0.000000,309185.625000
1294,1,0.200000,549586.562500
1294,1,0.400000,754107.687500
1294,1,0.500000,806748.062500
1294,1,0.750000,1166020.000000
1294,1,1.000000,1320479.000000
1296,1,0.000000,3305.860840
1296,1,0.200000,7696.927734
1296,1,0.400000,47920.839844
1296,1,0.500000,83504.375000
1296,1,0.750000,150984.718750
1296,1,1.000000,481311.250000
1303,1,0.000000,0.000000
1303,1,0.200000,3103.544434
1303,1,0.400000,15619.660156
1303,1,0.500000,45596.945312
1303,1,0.750000,157542.093750
1303,1,1.000000,392105.125000
1305,1,0.000000,33514.894531
1305,1,0.200000,148428.671875
1305,1,0.400000,165001.843750
1305,1,0.500000,176675.015625
1305,1,0.750000,289204.843750
1305,1,1.000000,1051229.875000
1308,1,0.000000,0.000000
1308,1,0.200000,6546.518555
1308,1,0.400000,45138.753906
1308,1,0.500000,57416.468750
1308,1,0.750000,191560.437500
1308,1,1.000000,444434.312500
1309,1,0.000000,0.000000
1309,1,0.200000,0.000000
1309,1,0.400000,12057.925781
1309,1,0.500000,20022.425781
1309,1,0.750000,139030.718750
1309,1,1.000000,308358.125000
1322,1,0.000000,3632.793701
1322,1,0.200000,9469.718750
1322,1,0.400000,47063.664062
1322,1,0.500000,63274.910156
1322,1,0.750000,91795.039062
1322,1,1.000000,763042.375000
1323,1,0.000000,0.000000
1323,1,0.200000,0.000000
1323,1,0.400000,84313.109375
1323,1,0.500000,143032.984375
1323,1,0.750000,281121.625000
1323,1,1.000000,610318.437500
1324,1,0.000000,0.000000
1324,1,0.200000,0.000000
1324,1,0.400000,29937.593750
1324,1,0.500000,38139.671875
1324,1,0.750000,244599.015625
1324,1,1.000000,509801.281250
1325,1,0.000000,0.000000
1325,1,0.200000,26023.001953
1325,1,0.400000,94528.937500
1325,1,0.500000,144600.453125
1325,1,0.750000,298892.281250
1325,1,1.000000,389201.812500
1330,1,0.000000,0.000000
1330,1,0.200000,1853.298706
1330,1,0.400000,31236.052734
1330,1,0.500000,40696.828125
1330,1,0.750000,110925.578125
1330,1,1.000000,271806.125000
1332,1,0.000000,15134.519531
1332,1,0.200000,40629.121094
1332,1,0.400000,54335.007812
1332,1,0.500000,54987.843750
1332,1,0.750000,228043.390625
1332,1,1.000000,453585.750000
1334,1,0.000000,0.000000
1334,1,0.200000,19209.119141
1334,1,0.400000,54369.476562
1334,1,0.500000,62968.988281
1334,1,0.750000,205227.562500
1334,1,1.000000,433486.781250
1342,1,0.000000,128.227081
1342,1,0.200000,15217.793945
1342,1,0.400000,41098.953125
1342,1,0.500000,66249.093750
1342,1,0.750000,308485.500000
1342,1,1.000000,540388.500000
1345,1,0.000000,0.000000
1345,1,0.200000,0.000000
1345,1,0.400000,7133.444336
1345,1,0.500000,15307.576172
1345,1,0.750000,41701.078125
1345,1,1.000000,440334.656250
1348,1,0.000000,0.000000
1348,1,0.200000,64916.156250
1348,1,0.400000,121082.265625
1348,1,0.500000,137466.968750
1348,1,0.750000,294416.687500
1348,1,1.000000,446199.718750
1361,1,0.000000,1469999.875000
1361,1,0.200000,1470000.000000
1361,1,0.400000,1470000.000000
1361,1,0.500000,1470000.000000
1361,1,0.750000,1470000.000000
1361,1,1.000000,1470000.000000
1368,1,0.000000,114337.273438
1368,1,0.200000,312459.156250
1368,1,0.400000,342561.375000
1368,1,0.500000,354030.343750
1368,1,0.750000,507647.375000
1368,1,1.000000,607075.500000
1373,1,0.000000,0.000000
1373,1,0.200000,0.000000
1373,1,0.400000,7100.958984
1373,1,0.500000,26062.640625
1373,1,0.750000,133850.875000
1373,1,1.000000,441690.593750
1377,1,0.000000,0.000000
1377,1,0.200000,0.000000
1377,1,0.400000,21475.175781
1377,1,0.500000,50419.570312
1377,1,0.750000,106410.007812
1377,1,1.000000,907822.062500
1379,1,0.000000,0.000000
1379,1,0.200000,6467.782227
1379,1,0.400000,36328.535156
1379,1,0.500000,60575.343750
1379,1,0.750000,319938.468750
1379,1,1.000000,618711.062500
1382,1,0.000000,0.000000
1382,1,0.200000,3929.395020
1382,1,0.400000,56776.289062
1382,1,0.500000,80848.343750
1382,1,0.750000,211431.375000
1382,1,1.000000,745030.687500
1384,1,0.000000,279605.968750
1384,1,0.200000,388330.312500
1384,1,0.400000,489139.812500
1384,1,0.500000,541884.125000
1384,1,0.750000,640924.937500
1384,1,1.000000,956636.062500
1389,1,0.000000,310433.375000
1389,1,0.200000,946259.250000
1389,1,0.400000,1019341.187500
1389,1,0.500000,1078114.875000
1389,1,0.750000,1317698.500000
1389,1,1.000000,1415780.875000
1391,1,0.000000,846.187988
1391,1,0.200000,20272.492188
1391,1,0.400000,58008.488281
1391,1,0.500000,86218.609375
1391,1,0.750000,165308.312500
1391,1,1.000000,572087.000000
1392,1,0.000000,2780.798340
1392,1,0.200000,40090.031250
1392,1,0.400000,128030.164062
1392,1,0.500000,191100.906250
1392,1,0.750000,247787.234375
1392,1,1.000000,388151.781250
1395,1,0.000000,0.000000
1395,1,0.200000,23236.062500
1395,1,0.400000,101437.125000
1395,1,0.500000,110142.234375
1395,1,0.750000,261044.703125
1395,1,1.000000,499641.875000
1398,1,0.000000,0.000000
1398,1,0.200000,6636.128906
1398,1,0.400000,17723.564453
1398,1,0.500000,24326.417969
1398,1,0.750000,221614.921875
1398,1,1.000000,384251.593750
1399,1,0.000000,159939.828125
1399,1,0.200000,228688.312500
1399,1,0.400000,266621.437500
1399,1,0.500000,372954.187500
1399,1,0.750000,592421.312500
1399,1,1.000000,792392.000000
1405,1,0.000000,0.000000
1405,1,0.200000,0.000000
1405,1,0.400000,0.000000
1405,1,0.500000,2779.142090
1405,1,0.750000,124394.921875
1405,1,1.000000,357734.437500
1407,1,0.000000,12688.112305
1407,1,0.200000,18379.925781
1407,1,0.400000,32943.484375
1407,1,0.500000,38753.070312
1407,1,0.750000,148591.968750
1407,1,1.000000,386426.531250
1413,1,0.000000,306228.437500
1413,1,0.200000,558770.312500
1413,1,0.400000,624055.125000
1413,1,0.500000,650917.187500
1413,1,0.750000,788464.500000
1413,1,1.000000,1361193.625000
1419,1,0.000000,0.000000
1419,1,0.200000,11369.302734
1419,1,0.400000,59696.554688
1419,1,0.500000,73770.671875
1419,1,0.750000,127404.054688
1419,1,1.000000,800935.562500
1424,1,0.000000,0.000000
1424,1,0.200000,3927.605225
1424,1,0.400000,24690.125000
1424,1,0.500000,61996.625000
1424,1,0.750000,217344.593750
1424,1,1.000000,644916.062500
1427,1,0.000000,0.000000
1427,1,0.200000,5066.381348
1427,1,0.400000,48760.289062
1427,1,0.500000,81773.859375
1427,1,0.750000,121171.375000
1427,1,1.000000,437965.750000
1437,1,0.000000,0.000000
1437,1,0.200000,25496.392578
1437,1,0.400000,46785.015625
1437,1,0.500000,117638.601562
1437,1,0.750000,256628.875000
1437,1,1.000000,397246.312500
1440,1,0.000000,0.000000
1440,1,0.200000,61752.714844
1440,1,0.400000,85249.796875
1440,1,0.500000,95276.937500
1440,1,0.750000,203612.937500
1440,1,1.000000,358876.562500
1446,1,0.000000,0.000000
1446,1,0.200000,12145.345703
1446,1,0.400000,49943.343750
1446,1,0.500000,78921.335938
1446,1,0.750000,129618.914062
1446,1,1.000000,596606.375000
1447,1,0.000000,0.000000
1447,1,0.200000,14330.171875
1447,1,0.400000,55853.000000
1447,1,0.500000,91786.171875
1447,1,0.750000,186057.468750
1447,1,1.000000,711951.625000
