EventId,SummaryId,SampleType,EventRate,ChanceOfLoss,MeanLoss,SDLoss,MaxLoss,FootprintExposure,MeanImpactedExposure,MaxImpactedExposure
1,1,1,0.001000,0.000000,151116.000000,0.000000,1470000.000000,1470000.000000,1470000.000000,1470000.000000
1,1,2,0.001000,0.900000,180115.671875,186177.500000,1470000.000000,1470000.000000,1323000.000000,1470000.000000
2,1,1,0.001000,0.000000,575652.000000,0.000000,1470000.000000,1470000.000000,1470000.000000,1470000.000000
2,1,2,0.001000,1.000000,629392.500000,349861.312500,1470000.000000,1470000.000000,1470000.000000,1470000.000000
3,1,1,0.001000,0.000000,1470000.000000,0.000000,1470000.000000,1470000.000000,1470000.000000,1470000.000000
3,1,2,0.001000,1.000000,1470000.000000,0.000000,1470000.000000,1470000.000000,1470000.000000,1470000.000000
5,1,1,0.001000,0.000000,575652.000000,0.000000,1470000.000000,1470000.000000,1470000.000000,1470000.000000
5,1,2,0.001000,1.000000,599839.125000,301838.593750,1470000.000000,1470000.000000,1470000.000000,1470000.000000
12,1,1,0.001000,0.000000,151116.000000,0.000000,1470000.000000,1470000.000000,1470000.000000,1470000.000000
12,1,2,0.001000,1.000000,133048.296875,149149.062500,1470000.000000,1470000.000000,1470000.000000,1470000.000000
17,1,1,0.001000,0.000000,151116.000000,0.000000,1470000.000000,1470000.000000,1470000.000000,1470000.000000
17,1,2,0.001000,0.800000,131737.218750,188515.718750,1470000.000000,1470000.000000,1176000.000000,1470000.000000
27,1,1,0.001000,0.000000,1014300.000000,0.000000,1470000.000000,1470000.000000,1470000.000000,1470000.000000
27,1,2,0.001000,1.000000,999035.500000,337218.000000,1470000.000000,1470000.000000,1470000.000000,1470000.000000
32,1,1,0.001000,0.000000,151116.000000,0.000000,1470000.000000,1470000.000000,1470000.000000,1470000.000000
32,1,2,0.001000,0.900000,165761.531250,179075.406250,1470000.000000,1470000.000000,1323000.000000,1470000.000000
33,1,1,0.001000,0.000000,151116.000000,0.000000,1470000.000000,1470000.000000,1470000.000000,1470000.000000
33,1,2,0.001000,0.900000,126831.664062,159251.812500,1470000.000000,1470000.000000,1323000.000000,1470000.000000
34,1,1,0.001000,0.000000,151116.000000,0.000000,1470000.000000,1470000.000000,1470000.000000,1470000.000000
34,1,2,0.001000,1.000000,171174.515625,171251.437500,1470000.000000,1470000.000000,1470000.000000,1470000.000000
36,1,1,0.001000,0.000000,151116.000000,0.000000,1470000.000000,1470000.000000,1470000.000000,1470000.000000
36,1,2,0.001000,0.900000,148482.468750,231606.890625,1470000.000000,1470000.000000,1323000.000000,1470000.000000
37,1,1,0.001000,0.000000,151116.000000,0.000000,1470000.000000,1470000.000000,1470000.000000,1470000.000000
37,1,2,0.001000,0.900000,133722.281250,188026.421875,1470000.000000,1470000.000000,1323000.000000,1470000.000000
38,1,1,0.001000,0.000000,151116.000000,0.000000,1470000.000000,1470000.000000,1470000.000000,1470000.000000
38,1,2,0.001000,0.800000,153673.609375,215811.890625,1470000.000000,1470000.000000,1176000.000000,1470000.000000
41,1,1,0.001000,0.000000,151116.000000,0.000000,1470000.000000,1470000.000000,1470000.000000,1470000.000000
41,1,2,0.001000,0.700000,111142.414062,158225.703125,1470000.000000,1470000.000000,1029000.000000,1470000.000000
43,1,1,0.001000,0.000000,1470000.000000,0.000000,1470000.000000,1470000.000000,1470000.000000,1470000.000000
43,1,2,0.001000,1.000000,1470000.000000,0.000000,1470000.000000,1470000.000000,1470000.000000,1470000.000000
44,1,1,0.001000,0.000000,575652.000000,0.000000,1470000.000000,1470000.000000,1470000.000000,1470000.000000
44,1,2,0.001000,1.000000,581023.500000,316996.593750,1470000.000000,1470000.000000,1470000.000000,1470000.000000
46,1,1,0.001000,0.000000,75558.000000,0.000000,735000.000000,1470000.000000,1470000.000000,1470000.000000
46,1,2,0.001000,0.700000,73221.226562,106844.437500,735000.000000,1470000.000000,1029000.000000,1470000.000000
48,1,1,0.001000,0.000000,151116.000000,0.000000,1470000.000000,1470000.000000,1470000.000000,1470000.000000
48,1,2,0.001000,1.000000,156109.593750,151843.937500,1470000.000000,1470000.000000,1470000.000000,1470000.000000
51,1,1,0.001000,0.000000,720300.000000,0.000000,1470000.000000,1470000.000000,1470000.000000,1470000.000000
51,1,2,0.001000,1.000000,704864.312500,299457.687500,1470000.000000,1470000.000000,1470000.000000,1470000.000000
64,1,1,0.001000,0.000000,151116.000000,0.000000,1470000.000000,1470000.000000,1470000.000000,1470000.000000
64,1,2,0.001000,0.800000,160414.218750,233253.406250,1470000.000000,1470000.000000,1176000.000000,1470000.000000
66,1,1,0.001000,0.000000,867300.000000,0.000000,1470000.000000,1470000.000000,1470000.000000,1470000.000000
66,1,2,0.001000,1.000000,896346.625000,293607.093750,1470000.000000,1470000.000000,1470000.000000,1470000.000000
72,1,1,0.001000,0.000000,291060.000000,0.000000,1470000.000000,1470000.000000,1470000.000000,1470000.000000
72,1,2,0.001000,1.000000,272201.937500,229731.343750,1470000.000000,1470000.000000,1470000.000000,1470000.000000
74,1,1,0.001000,0.000000,151116.000000,0.000000,1470000.000000,1470000.000000,1470000.000000,1470000.000000
74,1,2,0.001000,1.000000,155845.234375,171627.468750,1470000.000000,1470000.000000,1470000.000000,1470000.000000
75,1,1,0.001000,0.000000,151116.000000,0.000000,1470000.000000,1470000.000000,1470000.000000,1470000.000000
75,1,2,0.001000,0.900000,143150.968750,194421.578125,1470000.000000,1470000.000000,1323000.000000,1470000.000000
76,1,1,0.001000,0.000000,151116.000000,0.000000,1470000.000000,1470000.000000,1470000.000000,1470000.000000
76,1,2,0.001000,1.000000,140122.031250,108987.101562,1470000.000000,1470000.000000,1470000.000000,1470000.000000
78,1,1,0.001000,0.000000,151116.000000,0.000000,1470000.000000,1470000.000000,1470000.000000,1470000.000000
78,1,2,0.001000,0.700000,145664.359375,240549.531250,1470000.000000,1470000.000000,1029000.000000,1470000.000000
79,1,1,0.001000,0.000000,291060.000000,0.000000,1470000.000000,1470000.000000,1470000.000000,1470000.000000
79,1,2,0.001000,1.000000,327692.812500,214736.046875,1470000.000000,1470000.000000,1470000.000000,1470000.000000
84,1,1,0.001000,0.000000,291060.000000,0.000000,1470000.000000,1470000.000000,1470000.000000,1470000.000000
84,1,2,0.001000,1.000000,240759.125000,151618.718750,1470000.000000,1470000.000000,1470000.000000,1470000.000000
85,1,1,0.001000,0.000000,151116.000000,0.000000,1470000.000000,1470000.000000,1470000.000000,1470000.000000
85,1,2,0.001000,0.900000,174706.109375,188954.578125,1470000.000000,1470000.000000,1323000.000000,1470000.000000
87,1,1,0.001000,0.000000,151116.000000,0.000000,1470000.000000,1470000.000000,1470000.000000,1470000.000000
87,1,2,0.001000,1.000000,113479.812500,92917.281250,1470000.000000,1470000.000000,1470000.000000,1470000.000000
89,1,1,0.001000,0.000000,151116.000000,0.000000,1470000.000000,1470000.000000,1470000.000000,1470000.000000
89,1,2,0.001000,0.800000,186971.843750,225031.609375,1470000.000000,1470000.000000,1176000.000000,1470000.000000
92,1,1,0.001000,0.000000,151116.000000,0.000000,1470000.000000,1470000.000000,1470000.000000,1470000.000000
92,1,2,0.001000,0.900000,180679.531250,211553.953125,1470000.000000,1470000.000000,1323000.000000,1470000.000000
102,1,1,0.001000,0.000000,151116.000000,0.000000,1470000.000000,1470000.000000,1470000.000000,1470000.000000
102,1,2,0.001000,0.900000,144205.593750,151484.406250,1470000.000000,1470000.000000,1323000.000000,1470000.000000
105,1,1,0.001000,0.000000,151116.000000,0.000000,1470000.000000,1470000.000000,1470000.000000,1470000.000000
105,1,2,0.001000,0.900000,153665.218750,186747.906250,1470000.000000,1470000.000000,1323000.000000,1470000.000000
109,1,1,0.001000,0.000000,151116.000000,0.000000,1470000.000000,1470000.000000,1470000.000000,1470000.000000
109,1,2,0.001000,0.900000,145122.734375,195335.406250,1470000.000000,1470000.000000,1323000.000000,1470000.000000
115,1,1,0.001000,0.000000,291060.000000,0.000000,1470000.000000,1470000.000000,1470000.000000,1470000.000000
115,1,2,0.001000,1.000000,308017.312500,234492.125000,1470000.000000,1470000.000000,1470000.000000,1470000.000000
116,1,1,0.001000,0.000000,151116.000000,0.000000,1470000.000000,1470000.000000,1470000.000000,1470000.000000
116,1,2,0.001000,1.000000,101218.554688,112167.171875,1470000.000000,1470000.000000,1470000.000000,1470000.000000
119,1,1,0.001000,0.000000,151116.000000,0.000000,1470000.000000,1470000.000000,1470000.000000,1470000.000000
119,1,2,0.001000,0.900000,165223.046875,156641.125000,1470000.000000,1470000.000000,1323000.000000,1470000.000000
120,1,1,0.001000,0.000000,151116.000000,0.000000,1470000.000000,1470000.000000,1470000.000000,1470000.000000
120,1,2,0.001000,0.900000,135197.781250,176340.218750,1470000.000000,1470000.000000,1323000.000000,1470000.000000
125,1,1,0.001000,0.000000,151116.000000,0.000000,1470000.000000,1470000.000000,1470000.000000,1470000.000000
125,1,2,0.001000,0.800000,135272.875000,167396.140625,1470000.000000,1470000.000000,1176000.000000,1470000.000000
132,1,1,0.001000,0.000000,151116.000000,0.000000,1470000.000000,1470000.000000,1470000.000000,1470000.000000
132,1,2,0.001000,0.900000,155706.671875,132839.468750,1470000.000000,1470000.000000,1323000.000000,1470000.000000
134,1,1,0.001000,0.000000,151116.000000,0.000000,1470000.000000,1470000.000000,1470000.000000,1470000.000000
134,1,2,0.001000,0.900000,219988.218750,279307.562500,1470000.000000,1470000.000000,1323000.000000,1470000.000000
137,1,1,0.001000,0.000000,291060.000000,0.000000,1470000.000000,1470000.000000,1470000.000000,1470000.000000
137,1,2,0.001000,1.000000,313442.843750,265115.468750,1470000.000000,1470000.000000,1470000.000000,1470000.000000
145,1,1,0.001000,0.000000,151116.000000,0.000000,1470000.000000,1470000.000000,1470000.000000,1470000.000000
145,1,2,0.001000,0.800000,125517.562500,144509.562500,1470000.000000,1470000.000000,1176000.000000,1470000.000000
147,1,1,0.001000,0.000000,151116.000000,0.000000,1470000.000000,1470000.000000,1470000.000000,1470000.000000
147,1,2,0.001000,0.900000,178490.859375,218171.578125,1470000.000000,1470000.000000,1323000.000000,1470000.000000
148,1,1,0.001000,0.000000,151116.000000,0.000000,1470000.000000,1470000.000000,1470000.000000,1470000.000000
148,1,2,0.001000,0.900000,152176.671875,296083.187500,1470000.000000,1470000.000000,1323000.000000,1470000.000000
149,1,1,0.001000,0.000000,151116.000000,0.000000,1470000.000000,1470000.000000,1470000.000000,1470000.000000
149,1,2,0.001000,0.800000,128605.750000,107142.109375,1470000.000000,1470000.000000,1176000.000000,1470000.000000
161,1,1,0.001000,0.000000,151116.000000,0.000000,1470000.000000,1470000.000000,1470000.000000,1470000.000000
161,1,2,0.001000,0.800000,156086.718750,159371.875000,1470000.000000,1470000.000000,1176000.000000,1470000.000000
162,1,1,0.001000,0.000000,151116.000000,0.000000,1470000.000000,1470000.000000,1470000.000000,1470000.000000
162,1,2,0.001000,0.900000,152513.625000,175003.906250,1470000.000000,1470000.000000,1323000.000000,1470000.000000
164,1,1,0.001000,0.000000,151116.000000,0.000000,1470000.000000,1470000.000000,1470000.000000,1470000.000000
164,1,2,0.001000,0.900000,155410.343750,234448.171875,1470000.000000,1470000.000000,1323000.000000,1470000.000000
166,1,1,0.001000,0.000000,75558.000000,0.000000,735000.000000,1470000.000000,1470000.000000,1470000.000000
166,1,2,0.001000,0.700000,73526.085938,103162.117188,735000.000000,1470000.000000,1029000.000000,1470000.000000
168,1,1,0.001000,0.000000,151116.000000,0.000000,1470000.000000,1470000.000000,1470000.000000,1470000.000000
168,1,2,0.001000,0.900000,132873.140625,132341.015625,1470000.000000,1470000.000000,1323000.000000,1470000.000000
175,1,1,0.001000,0.000000,151116.000000,0.000000,1470000.000000,1470000.000000,1470000.000000,1470000.000000
175,1,2,0.001000,0.900000,154330.703125,183975.062500,1470000.000000,1470000.000000,1323000.000000,1470000.000000
177,1,1,0.001000,0.000000,575652.000000,0.000000,1470000.000000,1470000.000000,1470000.000000,1470000.000000
177,1,2,0.001000,1.000000,573836.312500,251746.468750,1470000.000000,1470000.000000,1470000.000000,1470000.000000
178,1,1,0.001000,0.000000,151116.000000,0.000000,1470000.000000,1470000.000000,1470000.000000,1470000.000000
178,1,2,0.001000,0.800000,162774.000000,174711.406250,1470000.000000,1470000.000000,1176000.000000,1470000.000000
183,1,1,0.001000,0.000000,151116.000000,0.000000,1470000.000000,1470000.000000,1470000.000000,1470000.000000
183,1,2,0.001000,0.900000,146605.218750,170129.015625,1470000.000000,1470000.000000,1323000.000000,1470000.000000
187,1,1,0.001000,0.000000,151116.000000,0.000000,1470000.000000,1470000.000000,1470000.000000,1470000.000000
187,1,2,0.001000,0.900000,214669.453125,164374.328125,1470000.000000,1470000.000000,1323000.000000,1470000.000000
192,1,1,0.001000,0.000000,151116.000000,0.000000,1470000.000000,1470000.000000,1470000.000000,1470000.000000
192,1,2,0.001000,1.000000,177729.062500,258624.343750,1470000.000000,1470000.000000,1470000.000000,1470000.000000
195,1,1,0.001000,0.000000,151116.000000,0.000000,1470000.000000,1470000.000000,1470000.000000,1470000.000000
195,1,2,0.001000,0.800000,199304.468750,217726.953125,1470000.000000,1470000.000000,1176000.000000,1470000.000000
196,1,1,0.001000,0.000000,151116.000000,0.000000,1470000.000000,1470000.000000,1470000.000000,1470000.000000
196,1,2,0.001000,0.900000,144584.953125,132380.156250,1470000.000000,1470000.000000,1323000.000000,1470000.000000
211,1,1,0.001000,0.000000,151116.000000,0.000000,1470000.000000,1470000.000000,1470000.000000,1470000.000000
211,1,2,0.001000,0.900000,137241.875000,133714.484375,1470000.000000,1470000.000000,1323000.000000,1470000.000000
213,1,1,0.001000,0.000000,151116.000000,0.000000,1470000.000000,1470000.000000,1470000.000000,1470000.000000
213,1,2,0.001000,1.000000,123912.375000,186988.062500,1470000.000000,1470000.000000,1470000.000000,1470000.000000
218,1,1,0.001000,0.000000,431003.968750,0.000000,1470000.000000,1470000.000000,1470000.000000,1470000.000000
218,1,2,0.001000,1.000000,441476.593750,371495.093750,1470000.000000,1470000.000000,1470000.000000,1470000.000000
221,1,1,0.001000,0.000000,151116.000000,0.000000,1470000.000000,1470000.000000,1470000.000000,1470000.000000
221,1,2,0.001000,0.800000,109836.812500,77596.304688,1470000.000000,1470000.000000,1176000.000000,1470000.000000
222,1,1,0.001000,0.000000,151116.000000,0.000000,1470000.000000,1470000.000000,1470000.000000,1470000.000000
222,1,2,0.001000,1.000000,153559.515625,209091.125000,1470000.000000,1470000.000000,1470000.000000,1470000.000000
231,1,1,0.001000,0.000000,151116.000000,0.000000,1470000.000000,1470000.000000,1470000.000000,1470000.000000
231,1,2,0.001000,1.000000,153799.312500,104140.578125,1470000.000000,1470000.000000,1470000.000000,1470000.000000
233,1,1,0.001000,0.000000,1470000.000000,0.000000,1470000.000000,1470000.000000,1470000.000000,1470000.000000
233,1,2,0.001000,1.000000,1457828.750000,32546.808594,1470000.000000,1470000.000000,1470000.000000,1470000.000000
237,1,1,0.001000,0.000000,291060.000000,0.000000,1470000.000000,1470000.000000,1470000.000000,1470000.000000
237,1,2,0.001000,1.000000,257601.906250,116187.312500,1470000.000000,1470000.000000,1470000.000000,1470000.000000
241,1,1,0.001000,0.000000,151116.000000,0.000000,1470000.000000,1470000.000000,1470000.000000,1470000.000000
241,1,2,0.001000,0.900000,140305.578125,149662.734375,1470000.000000,1470000.000000,1323000.000000,1470000.000000
244,1,1,0.001000,0.000000,151116.000000,0.000000,1470000.000000,1470000.000000,1470000.000000,1470000.000000
244,1,2,0.001000,0.900000,193834.218750,193925.031250,1470000.000000,1470000.000000,1323000.000000,1470000.000000
249,1,1,0.001000,0.000000,151116.000000,0.000000,1470000.000000,1470000.000000,1470000.000000,1470000.000000
249,1,2,0.001000,1.000000,130415.687500,117221.187500,1470000.000000,1470000.000000,1470000.000000,1470000.000000
254,1,1,0.001000,0.000000,575652.000000,0.000000,1470000.000000,1470000.000000,1470000.000000,1470000.000000
254,1,2,0.001000,1.000000,573089.562500,363924.375000,1470000.000000,1470000.000000,1470000.000000,1470000.000000
256,1,1,0.001000,0.000000,151116.000000,0.000000,1470000.000000,1470000.000000,1470000.000000,1470000.000000
256,1,2,0.001000,0.900000,145260.218750,157668.609375,1470000.000000,1470000.000000,1323000.000000,1470000.000000
258,1,1,0.001000,0.000000,151116.000000,0.000000,1470000.000000,1470000.000000,1470000.000000,1470000.000000
258,1,2,0.001000,1.000000,113919.046875,145299.937500,1470000.000000,1470000.000000,1470000.000000,1470000.000000
261,1,1,0.001000,0.000000,151116.000000,0.000000,1470000.000000,1470000.000000,1470000.000000,1470000.000000
261,1,2,0.001000,1.000000,143229.546875,122536.500000,1470000.000000,1470000.000000,1470000.000000,1470000.000000
282,1,1,0.001000,0.000000,151116.000000,0.000000,1470000.000000,1470000.000000,1470000.000000,1470000.000000
282,1,2,0.001000,0.900000,184579.031250,203263.718750,1470000.000000,1470000.000000,1323000.000000,1470000.000000
283,1,1,0.001000,0.000000,151116.000000,0.000000,1470000.000000,1470000.000000,1470000.000000,1470000.000000
283,1,2,0.001000,0.900000,146540.906250,130858.843750,1470000.000000,1470000.000000,1323000.000000,1470000.000000
286,1,1,0.001000,0.000000,151116.000000,0.000000,1470000.000000,1470000.000000,1470000.000000,1470000.000000
286,1,2,0.001000,0.800000,122470.601562,152779.562500,1470000.000000,1470000.000000,1176000.000000,1470000.000000
287,1,1,0.001000,0.000000,291060.000000,0.000000,1470000.000000,1470000.000000,1470000.000000,1470000.000000
287,1,2,0.001000,1.000000,281955.062500,193913.984375,1470000.000000,1470000.000000,1470000.000000,1470000.000000
289,1,1,0.001000,0.000000,151116.000000,0.000000,1470000.000000,1470000.000000,1470000.000000,1470000.000000
289,1,2,0.001000,0.900000,177011.593750,201302.156250,1470000.000000,1470000.000000,1323000.000000,1470000.000000
290,1,1,0.001000,0.000000,151116.000000,0.000000,1470000.000000,1470000.000000,1470000.000000,1470000.000000
290,1,2,0.001000,0.800000,167748.281250,243998.296875,1470000.000000,1470000.000000,1176000.000000,1470000.000000
291,1,1,0.001000,0.000000,1329762.000000,0.000000,1470000.000000,1470000.000000,1470000.000000,1470000.000000
291,1,2,0.001000,1.000000,1216244.250000,303395.593750,1470000.000000,1470000.000000,1470000.000000,1470000.000000
292,1,1,0.001000,0.000000,720300.000000,0.000000,1470000.000000,1470000.000000,1470000.000000,1470000.000000
292,1,2,0.001000,1.000000,710088.250000,304129.625000,1470000.000000,1470000.000000,1470000.000000,1470000.000000
293,1,1,0.001000,0.000000,151116.000000,0.000000,1470000.000000,1470000.000000,1470000.000000,1470000.000000
293,1,2,0.001000,0.800000,132896.250000,127273.804688,1470000.000000,1470000.000000,1176000.000000,1470000.000000
294,1,1,0.001000,0.000000,1008420.000000,0.000000,1470000.000000,1470000.000000,1470000.000000,1470000.000000
294,1,2,0.001000,1.000000,1015280.625000,299991.812500,1470000.000000,1470000.000000,1470000.000000,1470000.000000
297,1,1,0.001000,0.000000,151116.000000,0.000000,1470000.000000,1470000.000000,1470000.000000,1470000.000000
297,1,2,0.001000,0.900000,122450.164062,136946.453125,1470000.000000,1470000.000000,1323000.000000,1470000.000000
301,1,1,0.001000,0.000000,1470000.000000,0.000000,1470000.000000,1470000.000000,1470000.000000,1470000.000000
301,1,2,0.001000,1.000000,1273776.000000,217732.140625,1470000.000000,1470000.000000,1470000.000000,1470000.000000
307,1,1,0.001000,0.000000,720300.000000,0.000000,1470000.000000,1470000.000000,1470000.000000,1470000.000000
307,1,2,0.001000,1.000000,727537.625000,228219.812500,1470000.000000,1470000.000000,1470000.000000,1470000.000000
309,1,1,0.001000,0.000000,151116.000000,0.000000,1470000.000000,1470000.000000,1470000.000000,1470000.000000
309,1,2,0.001000,1.000000,175917.031250,241854.265625,1470000.000000,1470000.000000,1470000.000000,1470000.000000
310,1,1,0.001000,0.000000,151116.000000,0.000000,1470000.000000,1470000.000000,1470000.000000,1470000.000000
310,1,2,0.001000,1.000000,176626.578125,150619.312500,1470000.000000,1470000.000000,1470000.000000,1470000.000000
317,1,1,0.001000,0.000000,867300.000000,0.000000,1470000.000000,1470000.000000,1470000.000000,1470000.000000
317,1,2,0.001000,1.000000,849376.312500,419485.187500,1470000.000000,1470000.000000,1470000.000000,1470000.000000
320,1,1,0.001000,0.000000,151116.000000,0.000000,1470000.000000,1470000.000000,1470000.000000,1470000.000000
320,1,2,0.001000,1.000000,112795.210938,117037.546875,1470000.000000,1470000.000000,1470000.000000,1470000.000000
321,1,1,0.001000,0.000000,151116.000000,0.000000,1470000.000000,1470000.000000,1470000.000000,1470000.000000
321,1,2,0.001000,0.800000,134823.218750,147006.390625,1470000.000000,1470000.000000,1176000.000000,1470000.000000
327,1,1,0.001000,0.000000,151116.000000,0.000000,1470000.000000,1470000.000000,1470000.000000,1470000.000000
327,1,2,0.001000,0.900000,127903.460938,108495.179688,1470000.000000,1470000.000000,1323000.000000,1470000.000000
328,1,1,0.001000,0.000000,151116.000000,0.000000,1470000.000000,1470000.000000,1470000.000000,1470000.000000
328,1,2,0.001000,0.900000,146827.984375,184244.406250,1470000.000000,1470000.000000,1323000.000000,1470000.000000
333,1,1,0.001000,0.000000,1155420.000000,0.000000,1470000.000000,1470000.000000,1470000.000000,1470000.000000
333,1,2,0.001000,1.000000,1106353.875000,238037.609375,1470000.000000,1470000.000000,1470000.000000,1470000.000000
335,1,1,0.001000,0.000000,151116.000000,0.000000,1470000.000000,1470000.000000,1470000.000000,1470000.000000
335,1,2,0.001000,0.900000,144913.656250,194644.703125,1470000.000000,1470000.000000,1323000.000000,1470000.000000
336,1,1,0.001000,0.000000,151116.000000,0.000000,1470000.000000,1470000.000000,1470000.000000,1470000.000000
336,1,2,0.001000,0.800000,128324.296875,142133.156250,1470000.000000,1470000.000000,1176000.000000,1470000.000000
339,1,1,0.001000,0.000000,151116.000000,0.000000,1470000.000000,1470000.000000,1470000.000000,1470000.000000
339,1,2,0.001000,0.800000,137069.875000,158867.671875,1470000.000000,1470000.000000,1176000.000000,1470000.000000
345,1,1,0.001000,0.000000,151116.000000,0.000000,1470000.000000,1470000.000000,1470000.000000,1470000.000000
345,1,2,0.001000,0.700000,140266.656250,131404.515625,1470000.000000,1470000.000000,1029000.000000,1470000.000000
347,1,1,0.001000,0.000000,75558.000000,0.000000,735000.000000,1470000.000000,1470000.000000,1470000.000000
347,1,2,0.001000,0.700000,88075.046875,173220.796875,735000.000000,1470000.000000,1029000.000000,1470000.000000
349,1,1,0.001000,0.000000,151116.000000,0.000000,1470000.000000,1470000.000000,1470000.000000,1470000.000000
349,1,2,0.001000,0.800000,173910.312500,142877.984375,1470000.000000,1470000.000000,1176000.000000,1470000.000000
350,1,1,0.001000,0.000000,151116.000000,0.000000,1470000.000000,1470000.000000,1470000.000000,1470000.000000
350,1,2,0.001000,1.000000,153187.281250,162838.625000,1470000.000000,1470000.000000,1470000.000000,1470000.000000
359,1,1,0.001000,0.000000,151116.000000,0.000000,1470000.000000,1470000.000000,1470000.000000,1470000.000000
359,1,2,0.001000,0.900000,152772.765625,137650.937500,1470000.000000,1470000.000000,1323000.000000,1470000.000000
360,1,1,0.001000,0.000000,151116.000000,0.000000,1470000.000000,1470000.000000,1470000.000000,1470000.000000
360,1,2,0.001000,0.900000,140657.312500,174059.984375,1470000.000000,1470000.000000,1323000.000000,1470000.000000
362,1,1,0.001000,0.000000,151116.000000,0.000000,1470000.000000,1470000.000000,1470000.000000,1470000.000000
362,1,2,0.001000,1.000000,158349.203125,128487.718750,1470000.000000,1470000.000000,1470000.000000,1470000.000000
364,1,1,0.001000,0.000000,151116.000000,0.000000,1470000.000000,1470000.000000,1470000.000000,1470000.000000
364,1,2,0.001000,0.900000,115899.140625,102238.601562,1470000.000000,1470000.000000,1323000.000000,1470000.000000
367,1,1,0.001000,0.000000,151116.000000,0.000000,1470000.000000,1470000.000000,1470000.000000,1470000.000000
367,1,2,0.001000,1.000000,151506.562500,163500.953125,1470000.000000,1470000.000000,1470000.000000,1470000.000000
369,1,1,0.001000,0.000000,575652.000000,0.000000,1470000.000000,1470000.000000,1470000.000000,1470000.000000
369,1,2,0.001000,1.000000,569575.875000,287343.718750,1470000.000000,1470000.000000,1470000.000000,1470000.000000
372,1,1,0.001000,0.000000,151116.000000,0.000000,1470000.000000,1470000.000000,1470000.000000,1470000.000000
372,1,2,0.001000,0.800000,179128.296875,215273.734375,1470000.000000,1470000.000000,1176000.000000,1470000.000000
375,1,1,0.001000,0.000000,151116.000000,0.000000,1470000.000000,1470000.000000,1470000.000000,1470000.000000
375,1,2,0.001000,1.000000,172077.843750,166500.984375,1470000.000000,1470000.000000,1470000.000000,1470000.000000
380,1,1,0.001000,0.000000,151116.000000,0.000000,1470000.000000,1470000.000000,1470000.000000,1470000.000000
380,1,2,0.001000,0.700000,145576.750000,146747.187500,1470000.000000,1470000.000000,1029000.000000,1470000.000000
383,1,1,0.001000,0.000000,151116.000000,0.000000,1470000.000000,1470000.000000,1470000.000000,1470000.000000
383,1,2,0.001000,1.000000,157698.296875,188269.484375,1470000.000000,1470000.000000,1470000.000000,1470000.000000
386,1,1,0.001000,0.000000,151116.000000,0.000000,1470000.000000,1470000.000000,1470000.000000,1470000.000000
386,1,2,0.001000,0.900000,140629.906250,156907.750000,1470000.000000,1470000.000000,1323000.000000,1470000.000000
389,1,1,0.001000,0.000000,291060.000000,0.000000,1470000.000000,1470000.000000,1470000.000000,1470000.000000
389,1,2,0.001000,1.000000,277586.687500,187109.453125,1470000.000000,1470000.000000,1470000.000000,1470000.000000
394,1,1,0.001000,0.000000,151116.000000,0.000000,1470000.000000,1470000.000000,1470000.000000,1470000.000000
394,1,2,0.001000,0.800000,145536.718750,125678.148438,1470000.000000,1470000.000000,1176000.000000,1470000.000000
400,1,1,0.001000,0.000000,151116.000000,0.000000,1470000.000000,1470000.000000,1470000.000000,1470000.000000
400,1,2,0.001000,0.700000,105411.812500,105352.062500,1470000.000000,1470000.000000,1029000.000000,1470000.000000
402,1,1,0.001000,0.000000,151116.000000,0.000000,1470000.000000,1470000.000000,1470000.000000,1470000.000000
402,1,2,0.001000,1.000000,136800.000000,169914.640625,1470000.000000,1470000.000000,1470000.000000,1470000.000000
408,1,1,0.001000,0.000000,1155420.000000,0.000000,1470000.000000,1470000.000000,1470000.000000,1470000.000000
408,1,2,0.001000,1.000000,1121752.750000,233156.406250,1470000.000000,1470000.000000,1470000.000000,1470000.000000
423,1,1,0.001000,0.000000,291060.000000,0.000000,1470000.000000,1470000.000000,1470000.000000,1470000.000000
423,1,2,0.001000,0.900000,302814.562500,262558.031250,1470000.000000,1470000.000000,1323000.000000,1470000.000000
424,1,1,0.001000,0.000000,1008420.000000,0.000000,1470000.000000,1470000.000000,1470000.000000,1470000.000000
424,1,2,0.001000,1.000000,983781.625000,336542.562500,1470000.000000,1470000.000000,1470000.000000,1470000.000000
429,1,1,0.001000,0.000000,151116.000000,0.000000,1470000.000000,1470000.000000,1470000.000000,1470000.000000
429,1,2,0.001000,0.900000,154890.734375,122233.054688,1470000.000000,1470000.000000,1323000.000000,1470000.000000
431,1,1,0.001000,0.000000,1008420.000000,0.000000,1470000.000000,1470000.000000,1470000.000000,1470000.000000
431,1,2,0.001000,1.000000,955384.312500,331075.562500,1470000.000000,1470000.000000,1470000.000000,1470000.000000
435,1,1,0.001000,0.000000,575652.000000,0.000000,1470000.000000,1470000.000000,1470000.000000,1470000.000000
435,1,2,0.001000,1.000000,571057.312500,332132.312500,1470000.000000,1470000.000000,1470000.000000,1470000.000000
441,1,1,0.001000,0.000000,151116.000000,0.000000,1470000.000000,1470000.000000,1470000.000000,1470000.000000
441,1,2,0.001000,0.900000,170744.437500,154416.234375,1470000.000000,1470000.000000,1323000.000000,1470000.000000
442,1,1,0.001000,0.000000,151116.000000,0.000000,1470000.000000,1470000.000000,1470000.000000,1470000.000000
442,1,2,0.001000,0.700000,155029.031250,162463.843750,1470000.000000,1470000.000000,1029000.000000,1470000.000000
444,1,1,0.001000,0.000000,75558.000000,0.000000,735000.000000,1470000.000000,1470000.000000,1470000.000000
444,1,2,0.001000,0.700000,57427.519531,78752.429688,735000.000000,1470000.000000,1029000.000000,1470000.000000
445,1,1,0.001000,0.000000,151116.000000,0.000000,1470000.000000,1470000.000000,1470000.000000,1470000.000000
445,1,2,0.001000,1.000000,140960.234375,151230.078125,1470000.000000,1470000.000000,1470000.000000,1470000.000000
447,1,1,0.001000,0.000000,75558.000000,0.000000,735000.000000,1470000.000000,1470000.000000,1470000.000000
447,1,2,0.001000,0.700000,93510.453125,90811.429688,735000.000000,1470000.000000,1029000.000000,1470000.000000
456,1,1,0.001000,0.000000,151116.000000,0.000000,1470000.000000,1470000.000000,1470000.000000,1470000.000000
456,1,2,0.001000,1.000000,148036.343750,132825.984375,1470000.000000,1470000.000000,1470000.000000,1470000.000000
458,1,1,0.001000,0.000000,151116.000000,0.000000,1470000.000000,1470000.000000,1470000.000000,1470000.000000
458,1,2,0.001000,0.900000,142374.078125,150901.375000,1470000.000000,1470000.000000,1323000.000000,1470000.000000
460,1,1,0.001000,0.000000,151116.000000,0.000000,1470000.000000,1470000.000000,1470000.000000,1470000.000000
460,1,2,0.001000,0.900000,180236.281250,180737.765625,1470000.000000,1470000.000000,1323000.000000,1470000.000000
463,1,1,0.001000,0.000000,75558.000000,0.000000,735000.000000,1470000.000000,1470000.000000,1470000.000000
463,1,2,0.001000,0.800000,79034.148438,120599.937500,735000.000000,1470000.000000,1176000.000000,1470000.000000
467,1,1,0.001000,0.000000,151116.000000,0.000000,1470000.000000,1470000.000000,1470000.000000,1470000.000000
467,1,2,0.001000,0.900000,172784.531250,222964.203125,1470000.000000,1470000.000000,1323000.000000,1470000.000000
468,1,1,0.001000,0.000000,151116.000000,0.000000,1470000.000000,1470000.000000,1470000.000000,1470000.000000
468,1,2,0.001000,1.000000,149026.687500,97046.617188,1470000.000000,1470000.000000,1470000.000000,1470000.000000
477,1,1,0.001000,0.000000,151116.000000,0.000000,1470000.000000,1470000.000000,1470000.000000,1470000.000000
477,1,2,0.001000,0.800000,168948.609375,215058.453125,1470000.000000,1470000.000000,1176000.000000,1470000.000000
485,1,1,0.001000,0.000000,151116.000000,0.000000,1470000.000000,1470000.000000,1470000.000000,1470000.000000
485,1,2,0.001000,0.900000,134069.031250,171909.750000,1470000.000000,1470000.000000,1323000.000000,1470000.000000
487,1,1,0.001000,0.000000,151116.000000,0.000000,1470000.000000,1470000.000000,1470000.000000,1470000.000000
487,1,2,0.001000,0.800000,151678.546875,210578.906250,1470000.000000,1470000.000000,1176000.000000,1470000.000000
494,1,1,0.001000,0.000000,151116.000000,0.000000,1470000.000000,1470000.000000,1470000.000000,1470000.000000
494,1,2,0.001000,0.900000,123951.875000,156627.953125,1470000.000000,1470000.000000,1323000.000000,1470000.000000
497,1,1,0.001000,0.000000,151116.000000,0.000000,1470000.000000,1470000.000000,1470000.000000,1470000.000000
497,1,2,0.001000,0.900000,142270.281250,142152.671875,1470000.000000,1470000.000000,1323000.000000,1470000.000000
498,1,1,0.001000,0.000000,151116.000000,0.000000,1470000.000000,1470000.000000,1470000.000000,1470000.000000
498,1,2,0.001000,0.800000,148271.218750,251092.718750,1470000.000000,1470000.000000,1176000.000000,1470000.000000
500,1,1,0.001000,0.000000,1329762.000000,0.000000,1470000.000000,1470000.000000,1470000.000000,1470000.000000
500,1,2,0.001000,1.000000,1245421.000000,247746.406250,1470000.000000,1470000.000000,1470000.000000,1470000.000000
502,1,1,0.001000,0.000000,151116.000000,0.000000,1470000.000000,1470000.000000,1470000.000000,1470000.000000
502,1,2,0.001000,0.800000,163273.859375,172910.875000,1470000.000000,1470000.000000,1176000.000000,1470000.000000
506,1,1,0.001000,0.000000,151116.000000,0.000000,1470000.000000,1470000.000000,1470000.000000,1470000.000000
506,1,2,0.001000,0.900000,176911.484375,160117.562500,1470000.000000,1470000.000000,1323000.000000,1470000.000000
510,1,1,0.001000,0.000000,151116.000000,0.000000,1470000.000000,1470000.000000,1470000.000000,1470000.000000
510,1,2,0.001000,0.800000,154945.093750,180392.593750,1470000.000000,1470000.000000,1176000.000000,1470000.000000
514,1,1,0.001000,0.000000,151116.000000,0.000000,1470000.000000,1470000.000000,1470000.000000,1470000.000000
514,1,2,0.001000,1.000000,215239.921875,289762.281250,1470000.000000,1470000.000000,1470000.000000,1470000.000000
517,1,1,0.001000,0.000000,151116.000000,0.000000,1470000.000000,1470000.000000,1470000.000000,1470000.000000
517,1,2,0.001000,1.000000,138628.125000,109679.015625,1470000.000000,1470000.000000,1470000.000000,1470000.000000
521,1,1,0.001000,0.000000,151116.000000,0.000000,1470000.000000,1470000.000000,1470000.000000,1470000.000000
521,1,2,0.001000,0.900000,151775.015625,180018.171875,1470000.000000,1470000.000000,1323000.000000,1470000.000000
524,1,1,0.001000,0.000000,151116.000000,0.000000,1470000.000000,1470000.000000,1470000.000000,1470000.000000
524,1,2,0.001000,0.800000,124559.710938,125402.687500,1470000.000000,1470000.000000,1176000.000000,1470000.000000
533,1,1,0.001000,0.000000,720300.000000,0.000000,1470000.000000,1470000.000000,1470000.000000,1470000.000000
533,1,2,0.001000,1.000000,731586.125000,312539.750000,1470000.000000,1470000.000000,1470000.000000,1470000.000000
535,1,1,0.001000,0.000000,151116.000000,0.000000,1470000.000000,1470000.000000,1470000.000000,1470000.000000
535,1,2,0.001000,0.900000,139216.156250,152263.781250,1470000.000000,1470000.000000,1323000.000000,1470000.000000
538,1,1,0.001000,0.000000,75558.000000,0.000000,735000.000000,1470000.000000,1470000.000000,1470000.000000
538,1,2,0.001000,0.700000,48910.601562,64200.609375,735000.000000,1470000.000000,1029000.000000,1470000.000000
539,1,1,0.001000,0.000000,151116.000000,0.000000,1470000.000000,1470000.000000,1470000.000000,1470000.000000
539,1,2,0.001000,1.000000,152943.578125,132463.265625,1470000.000000,1470000.000000,1470000.000000,1470000.000000
543,1,1,0.001000,0.000000,75558.000000,0.000000,735000.000000,1470000.000000,1470000.000000,1470000.000000
543,1,2,0.001000,0.800000,89447.515625,124497.125000,735000.000000,1470000.000000,1176000.000000,1470000.000000
551,1,1,0.001000,0.000000,151116.000000,0.000000,1470000.000000,1470000.000000,1470000.000000,1470000.000000
551,1,2,0.001000,0.800000,165287.328125,141885.406250,1470000.000000,1470000.000000,1176000.000000,1470000.000000
561,1,1,0.001000,0.000000,151116.000000,0.000000,1470000.000000,1470000.000000,1470000.000000,1470000.000000
561,1,2,0.001000,0.900000,116043.539062,110613.648438,1470000.000000,1470000.000000,1323000.000000,1470000.000000
564,1,1,0.001000,0.000000,151116.000000,0.000000,1470000.000000,1470000.000000,1470000.000000,1470000.000000
564,1,2,0.001000,0.800000,129997.500000,133838.265625,1470000.000000,1470000.000000,1176000.000000,1470000.000000
566,1,1,0.001000,0.000000,1470000.000000,0.000000,1470000.000000,1470000.000000,1470000.000000,1470000.000000
566,1,2,0.001000,1.000000,1470000.000000,0.000000,1470000.000000,1470000.000000,1470000.000000,1470000.000000
584,1,1,0.001000,0.000000,151116.000000,0.000000,1470000.000000,1470000.000000,1470000.000000,1470000.000000
584,1,2,0.001000,0.800000,144371.625000,216874.984375,1470000.000000,1470000.000000,1176000.000000,1470000.000000
586,1,1,0.001000,0.000000,720300.000000,0.000000,1470000.000000,1470000.000000,1470000.000000,1470000.000000
586,1,2,0.001000,1.000000,674397.625000,333156.812500,1470000.000000,1470000.000000,1470000.000000,1470000.000000
590,1,1,0.001000,0.000000,151116.000000,0.000000,1470000.000000,1470000.000000,1470000.000000,1470000.000000
590,1,2,0.001000,0.800000,134146.453125,154582.609375,1470000.000000,1470000.000000,1176000.000000,1470000.000000
591,1,1,0.001000,0.000000,151116.000000,0.000000,1470000.000000,1470000.000000,1470000.000000,1470000.000000
591,1,2,0.001000,0.900000,158433.281250,199871.250000,1470000.000000,1470000.000000,1323000.000000,1470000.000000
603,1,1,0.001000,0.000000,151116.000000,0.000000,1470000.000000,1470000.000000,1470000.000000,1470000.000000
603,1,2,0.001000,1.000000,129869.484375,160819.250000,1470000.000000,1470000.000000,1470000.000000,1470000.000000
605,1,1,0.001000,0.000000,151116.000000,0.000000,1470000.000000,1470000.000000,1470000.000000,1470000.000000
605,1,2,0.001000,1.000000,151590.093750,106443.187500,1470000.000000,1470000.000000,1470000.000000,1470000.000000
611,1,1,0.001000,0.000000,151116.000000,0.000000,1470000.000000,1470000.000000,1470000.000000,1470000.000000
611,1,2,0.001000,1.000000,158808.828125,219253.390625,1470000.000000,1470000.000000,1470000.000000,1470000.000000
612,1,1,0.001000,0.000000,151116.000000,0.000000,1470000.000000,1470000.000000,1470000.000000,1470000.000000
612,1,2,0.001000,0.900000,178648.765625,167407.546875,1470000.000000,1470000.000000,1323000.000000,1470000.000000
614,1,1,0.001000,0.000000,151116.000000,0.000000,1470000.000000,1470000.000000,1470000.000000,1470000.000000
614,1,2,0.001000,1.000000,184019.968750,243441.531250,1470000.000000,1470000.000000,1470000.000000,1470000.000000
618,1,1,0.001000,0.000000,75558.000000,0.000000,735000.000000,1470000.000000,1470000.000000,1470000.000000
618,1,2,0.001000,0.600000,79896.000000,127622.171875,735000.000000,1470000.000000,882000.000000,1470000.000000
619,1,1,0.001000,0.000000,151116.000000,0.000000,1470000.000000,1470000.000000,1470000.000000,1470000.000000
619,1,2,0.001000,0.900000,149552.546875,175598.250000,1470000.000000,1470000.000000,1323000.000000,1470000.000000
620,1,1,0.001000,0.000000,151116.000000,0.000000,1470000.000000,1470000.000000,1470000.000000,1470000.000000
620,1,2,0.001000,1.000000,134895.921875,144759.984375,1470000.000000,1470000.000000,1470000.000000,1470000.000000
621,1,1,0.001000,0.000000,75558.000000,0.000000,735000.000000,1470000.000000,1470000.000000,1470000.000000
621,1,2,0.001000,0.700000,71647.804688,82355.632812,735000.000000,1470000.000000,1029000.000000,1470000.000000
631,1,1,0.001000,0.000000,151116.000000,0.000000,1470000.000000,1470000.000000,1470000.000000,1470000.000000
631,1,2,0.001000,0.800000,129518.914062,109212.914062,1470000.000000,1470000.000000,1176000.000000,1470000.000000
636,1,1,0.001000,0.000000,151116.000000,0.000000,1470000.000000,1470000.000000,1470000.000000,1470000.000000
636,1,2,0.001000,1.000000,139616.515625,149563.312500,1470000.000000,1470000.000000,1470000.000000,1470000.000000
642,1,1,0.001000,0.000000,1470000.000000,0.000000,1470000.000000,1470000.000000,1470000.000000,1470000.000000
642,1,2,0.001000,1.000000,1470000.000000,0.000000,1470000.000000,1470000.000000,1470000.000000,1470000.000000
645,1,1,0.001000,0.000000,75558.000000,0.000000,735000.000000,1470000.000000,1470000.000000,1470000.000000
645,1,2,0.001000,0.600000,74392.007812,99337.781250,735000.000000,1470000.000000,882000.000000,1470000.000000
647,1,1,0.001000,0.000000,151116.000000,0.000000,1470000.000000,1470000.000000,1470000.000000,1470000.000000
647,1,2,0.001000,0.800000,178222.796875,268496.218750,1470000.000000,1470000.000000,1176000.000000,1470000.000000
648,1,1,0.001000,0.000000,575652.000000,0.000000,1470000.000000,1470000.000000,1470000.000000,1470000.000000
648,1,2,0.001000,1.000000,551282.875000,234049.968750,1470000.000000,1470000.000000,1470000.000000,1470000.000000
652,1,1,0.001000,0.000000,867300.000000,0.000000,1470000.000000,1470000.000000,1470000.000000,1470000.000000
652,1,2,0.001000,1.000000,900869.687500,351265.093750,1470000.000000,1470000.000000,1470000.000000,1470000.000000
655,1,1,0.001000,0.000000,75558.000000,0.000000,735000.000000,1470000.000000,1470000.000000,1470000.000000
655,1,2,0.001000,0.700000,73349.070312,113684.562500,735000.000000,1470000.000000,1029000.000000,1470000.000000
658,1,1,0.001000,0.000000,1470000.000000,0.000000,1470000.000000,1470000.000000,1470000.000000,1470000.000000
658,1,2,0.001000,1.000000,1327067.250000,185884.765625,1470000.000000,1470000.000000,1470000.000000,1470000.000000
663,1,1,0.001000,0.000000,151116.000000,0.000000,1470000.000000,1470000.000000,1470000.000000,1470000.000000
663,1,2,0.001000,0.800000,171332.437500,223968.203125,1470000.000000,1470000.000000,1176000.000000,1470000.000000
664,1,1,0.001000,0.000000,1470000.000000,0.000000,1470000.000000,1470000.000000,1470000.000000,1470000.000000
664,1,2,0.001000,1.000000,1420499.375000,58635.859375,1470000.000000,1470000.000000,1470000.000000,1470000.000000
666,1,1,0.001000,0.000000,151116.000000,0.000000,1470000.000000,1470000.000000,1470000.000000,1470000.000000
666,1,2,0.001000,0.900000,169886.843750,227218.500000,1470000.000000,1470000.000000,1323000.000000,1470000.000000
670,1,1,0.001000,0.000000,151116.000000,0.000000,1470000.000000,1470000.000000,1470000.000000,1470000.000000
670,1,2,0.001000,0.800000,188730.328125,195976.375000,1470000.000000,1470000.000000,1176000.000000,1470000.000000
671,1,1,0.001000,0.000000,151116.000000,0.000000,1470000.000000,1470000.000000,1470000.000000,1470000.000000
671,1,2,0.001000,0.900000,136203.250000,148657.562500,1470000.000000,1470000.000000,1323000.000000,1470000.000000
674,1,1,0.001000,0.000000,151116.000000,0.000000,1470000.000000,1470000.000000,1470000.000000,1470000.000000
674,1,2,0.001000,1.000000,118546.085938,66789.687500,1470000.000000,1470000.000000,1470000.000000,1470000.000000
676,1,1,0.001000,0.000000,151116.000000,0.000000,1470000.000000,1470000.000000,1470000.000000,1470000.000000
676,1,2,0.001000,1.000000,129790.609375,104942.312500,1470000.000000,1470000.000000,1470000.000000,1470000.000000
680,1,1,0.001000,0.000000,151116.000000,0.000000,1470000.000000,1470000.000000,1470000.000000,1470000.000000
680,1,2,0.001000,0.800000,160488.187500,241683.578125,1470000.000000,1470000.000000,1176000.000000,1470000.000000
684,1,1,0.001000,0.000000,151116.000000,0.000000,1470000.000000,1470000.000000,1470000.000000,1470000.000000
684,1,2,0.001000,0.900000,145004.218750,195744.312500,1470000.000000,1470000.000000,1323000.000000,1470000.000000
687,1,1,0.001000,0.000000,151116.000000,0.000000,1470000.000000,1470000.000000,1470000.000000,1470000.000000
687,1,2,0.001000,0.900000,157987.031250,168418.187500,1470000.000000,1470000.000000,1323000.000000,1470000.000000
693,1,1,0.001000,0.000000,151116.000000,0.000000,1470000.000000,1470000.000000,1470000.000000,1470000.000000
693,1,2,0.001000,0.800000,181301.671875,179680.750000,1470000.000000,1470000.000000,1176000.000000,1470000.000000
695,1,1,0.001000,0.000000,151116.000000,0.000000,1470000.000000,1470000.000000,1470000.000000,1470000.000000
695,1,2,0.001000,0.800000,175664.046875,243008.796875,1470000.000000,1470000.000000,1176000.000000,1470000.000000
698,1,1,0.001000,0.000000,151116.000000,0.000000,1470000.000000,1470000.000000,1470000.000000,1470000.000000
698,1,2,0.001000,0.900000,147484.109375,155297.406250,1470000.000000,1470000.000000,1323000.000000,1470000.000000
704,1,1,0.001000,0.000000,720300.000000,0.000000,1470000.000000,1470000.000000,1470000.000000,1470000.000000
704,1,2,0.001000,1.000000,717009.875000,322526.125000,1470000.000000,1470000.000000,1470000.000000,1470000.000000
706,1,1,0.001000,0.000000,151116.000000,0.000000,1470000.000000,1470000.000000,1470000.000000,1470000.000000
706,1,2,0.001000,1.000000,148870.625000,165071.875000,1470000.000000,1470000.000000,1470000.000000,1470000.000000
708,1,1,0.001000,0.000000,291060.000000,0.000000,1470000.000000,1470000.000000,1470000.000000,1470000.000000
708,1,2,0.001000,1.000000,293370.468750,212003.343750,1470000.000000,1470000.000000,1470000.000000,1470000.000000
709,1,1,0.001000,0.000000,720300.000000,0.000000,1470000.000000,1470000.000000,1470000.000000,1470000.000000
709,1,2,0.001000,1.000000,741071.875000,375935.312500,1470000.000000,1470000.000000,1470000.000000,1470000.000000
713,1,1,0.001000,0.000000,1329762.000000,0.000000,1470000.000000,1470000.000000,1470000.000000,1470000.000000
713,1,2,0.001000,1.000000,1215633.500000,261861.843750,1470000.000000,1470000.000000,1470000.000000,1470000.000000
714,1,1,0.001000,0.000000,1470000.000000,0.000000,1470000.000000,1470000.000000,1470000.000000,1470000.000000
714,1,2,0.001000,1.000000,1458863.500000,31272.542969,1470000.000000,1470000.000000,1470000.000000,1470000.000000
718,1,1,0.001000,0.000000,151116.000000,0.000000,1470000.000000,1470000.000000,1470000.000000,1470000.000000
718,1,2,0.001000,1.000000,149735.171875,142408.531250,1470000.000000,1470000.000000,1470000.000000,1470000.000000
720,1,1,0.001000,0.000000,575652.000000,0.000000,1470000.000000,1470000.000000,1470000.000000,1470000.000000
720,1,2,0.001000,1.000000,578199.250000,321516.687500,1470000.000000,1470000.000000,1470000.000000,1470000.000000
737,1,1,0.001000,0.000000,151116.000000,0.000000,1470000.000000,1470000.000000,1470000.000000,1470000.000000
737,1,2,0.001000,0.900000,161164.859375,168574.359375,1470000.000000,1470000.000000,1323000.000000,1470000.000000
745,1,1,0.001000,0.000000,151116.000000,0.000000,1470000.000000,1470000.000000,1470000.000000,1470000.000000
745,1,2,0.001000,0.900000,118751.351562,170209.562500,1470000.000000,1470000.000000,1323000.000000,1470000.000000
749,1,1,0.001000,0.000000,151116.000000,0.000000,1470000.000000,1470000.000000,1470000.000000,1470000.000000
749,1,2,0.001000,0.900000,157827.984375,212169.578125,1470000.000000,1470000.000000,1323000.000000,1470000.000000
754,1,1,0.001000,0.000000,1470000.000000,0.000000,1470000.000000,1470000.000000,1470000.000000,1470000.000000
754,1,2,0.001000,1.000000,1456518.250000,31194.207031,1470000.000000,1470000.000000,1470000.000000,1470000.000000
757,1,1,0.001000,0.000000,151116.000000,0.000000,1470000.000000,1470000.000000,1470000.000000,1470000.000000
757,1,2,0.001000,0.800000,144075.703125,162567.093750,1470000.000000,1470000.000000,1176000.000000,1470000.000000
762,1,1,0.001000,0.000000,151116.000000,0.000000,1470000.000000,1470000.000000,1470000.000000,1470000.000000
762,1,2,0.001000,1.000000,129282.101562,133643.343750,1470000.000000,1470000.000000,1470000.000000,1470000.000000
768,1,1,0.001000,0.000000,75558.000000,0.000000,735000.000000,1470000.000000,1470000.000000,1470000.000000
768,1,2,0.001000,0.700000,119561.296875,155660.281250,735000.000000,1470000.000000,1029000.000000,1470000.000000
774,1,1,0.001000,0.000000,151116.000000,0.000000,1470000.000000,1470000.000000,1470000.000000,1470000.000000
774,1,2,0.001000,0.800000,151913.625000,181849.484375,1470000.000000,1470000.000000,1176000.000000,1470000.000000
776,1,1,0.001000,0.000000,151116.000000,0.000000,1470000.000000,1470000.000000,1470000.000000,1470000.000000
776,1,2,0.001000,0.800000,130103.609375,162658.000000,1470000.000000,1470000.000000,1176000.000000,1470000.000000
777,1,1,0.001000,0.000000,75558.000000,0.000000,735000.000000,1470000.000000,1470000.000000,1470000.000000
777,1,2,0.001000,0.700000,73410.812500,150399.375000,735000.000000,1470000.000000,1029000.000000,1470000.000000
779,1,1,0.001000,0.000000,151116.000000,0.000000,1470000.000000,1470000.000000,1470000.000000,1470000.000000
779,1,2,0.001000,0.800000,201376.218750,249412.640625,1470000.000000,1470000.000000,1176000.000000,1470000.000000
780,1,1,0.001000,0.000000,575652.000000,0.000000,1470000.000000,1470000.000000,1470000.000000,1470000.000000
780,1,2,0.001000,1.000000,570417.062500,216260.453125,1470000.000000,1470000.000000,1470000.000000,1470000.000000
782,1,1,0.001000,0.000000,151116.000000,0.000000,1470000.000000,1470000.000000,1470000.000000,1470000.000000
782,1,2,0.001000,0.800000,172381.812500,214167.656250,1470000.000000,1470000.000000,1176000.000000,1470000.000000
785,1,1,0.001000,0.000000,151116.000000,0.000000,1470000.000000,1470000.000000,1470000.000000,1470000.000000
785,1,2,0.001000,0.900000,132524.671875,193298.796875,1470000.000000,1470000.000000,1323000.000000,1470000.000000
790,1,1,0.001000,0.000000,151116.000000,0.000000,1470000.000000,1470000.000000,1470000.000000,1470000.000000
790,1,2,0.001000,0.800000,149661.828125,225815.234375,1470000.000000,1470000.000000,1176000.000000,1470000.000000
791,1,1,0.001000,0.000000,151116.000000,0.000000,1470000.000000,1470000.000000,1470000.000000,1470000.000000
791,1,2,0.001000,1.000000,176613.906250,163883.000000,1470000.000000,1470000.000000,1470000.000000,1470000.000000
793,1,1,0.001000,0.000000,151116.000000,0.000000,1470000.000000,1470000.000000,1470000.000000,1470000.000000
793,1,2,0.001000,0.800000,165987.968750,201203.671875,1470000.000000,1470000.000000,1176000.000000,1470000.000000
800,1,1,0.001000,0.000000,151116.000000,0.000000,1470000.000000,1470000.000000,1470000.000000,1470000.000000
800,1,2,0.001000,0.800000,145886.578125,146608.906250,1470000.000000,1470000.000000,1176000.000000,1470000.000000
805,1,1,0.001000,0.000000,151116.000000,0.000000,1470000.000000,1470000.000000,1470000.000000,1470000.000000
805,1,2,0.001000,0.700000,133783.468750,190996.046875,1470000.000000,1470000.000000,1029000.000000,1470000.000000
808,1,1,0.001000,0.000000,151116.000000,0.000000,1470000.000000,1470000.000000,1470000.000000,1470000.000000
808,1,2,0.001000,1.000000,137195.593750,172414.125000,1470000.000000,1470000.000000,1470000.000000,1470000.000000
809,1,1,0.001000,0.000000,151116.000000,0.000000,1470000.000000,1470000.000000,1470000.000000,1470000.000000
809,1,2,0.001000,1.000000,135427.515625,169756.156250,1470000.000000,1470000.000000,1470000.000000,1470000.000000
824,1,1,0.001000,0.000000,151116.000000,0.000000,1470000.000000,1470000.000000,1470000.000000,1470000.000000
824,1,2,0.001000,0.900000,129589.460938,157626.718750,1470000.000000,1470000.000000,1323000.000000,1470000.000000
825,1,1,0.001000,0.000000,151116.000000,0.000000,1470000.000000,1470000.000000,1470000.000000,1470000.000000
825,1,2,0.001000,0.900000,142215.359375,146812.328125,1470000.000000,1470000.000000,1323000.000000,1470000.000000
828,1,1,0.001000,0.000000,151116.000000,0.000000,1470000.000000,1470000.000000,1470000.000000,1470000.000000
828,1,2,0.001000,0.900000,137467.375000,149706.625000,1470000.000000,1470000.000000,1323000.000000,1470000.000000
830,1,1,0.001000,0.000000,431003.968750,0.000000,1470000.000000,1470000.000000,1470000.000000,1470000.000000
830,1,2,0.001000,1.000000,455097.062500,313701.562500,1470000.000000,1470000.000000,1470000.000000,1470000.000000
834,1,1,0.001000,0.000000,151116.000000,0.000000,1470000.000000,1470000.000000,1470000.000000,1470000.000000
834,1,2,0.001000,0.900000,206976.718750,239103.515625,1470000.000000,1470000.000000,1323000.000000,1470000.000000
843,1,1,0.001000,0.000000,151116.000000,0.000000,1470000.000000,1470000.000000,1470000.000000,1470000.000000
843,1,2,0.001000,0.900000,154659.500000,207748.328125,1470000.000000,1470000.000000,1323000.000000,1470000.000000
847,1,1,0.001000,0.000000,151116.000000,0.000000,1470000.000000,1470000.000000,1470000.000000,1470000.000000
847,1,2,0.001000,0.900000,132097.328125,178747.656250,1470000.000000,1470000.000000,1323000.000000,1470000.000000
848,1,1,0.001000,0.000000,151116.000000,0.000000,1470000.000000,1470000.000000,1470000.000000,1470000.000000
848,1,2,0.001000,0.800000,121499.546875,150293.375000,1470000.000000,1470000.000000,1176000.000000,1470000.000000
851,1,1,0.001000,0.000000,151116.000000,0.000000,1470000.000000,1470000.000000,1470000.000000,1470000.000000
851,1,2,0.001000,0.900000,153547.531250,173771.890625,1470000.000000,1470000.000000,1323000.000000,1470000.000000
853,1,1,0.001000,0.000000,151116.000000,0.000000,1470000.000000,1470000.000000,1470000.000000,1470000.000000
853,1,2,0.001000,0.900000,190052.156250,228155.890625,1470000.000000,1470000.000000,1323000.000000,1470000.000000
854,1,1,0.001000,0.000000,75558.000000,0.000000,735000.000000,1470000.000000,1470000.000000,1470000.000000
854,1,2,0.001000,0.700000,74684.093750,82499.960938,735000.000000,1470000.000000,1029000.000000,1470000.000000
855,1,1,0.001000,0.000000,151116.000000,0.000000,1470000.000000,1470000.000000,1470000.000000,1470000.000000
855,1,2,0.001000,1.000000,195163.312500,228626.078125,1470000.000000,1470000.000000,1470000.000000,1470000.000000
859,1,1,0.001000,0.000000,151116.000000,0.000000,1470000.000000,1470000.000000,1470000.000000,1470000.000000
859,1,2,0.001000,0.900000,146043.218750,165534.531250,1470000.000000,1470000.000000,1323000.000000,1470000.000000
861,1,1,0.001000,0.000000,431003.968750,0.000000,1470000.000000,1470000.000000,1470000.000000,1470000.000000
861,1,2,0.001000,1.000000,422346.437500,167026.734375,1470000.000000,1470000.000000,1470000.000000,1470000.000000
862,1,1,0.001000,0.000000,151116.000000,0.000000,1470000.000000,1470000.000000,1470000.000000,1470000.000000
862,1,2,0.001000,0.900000,180080.843750,163575.812500,1470000.000000,1470000.000000,1323000.000000,1470000.000000
864,1,1,0.001000,0.000000,1470000.000000,0.000000,1470000.000000,1470000.000000,1470000.000000,1470000.000000
864,1,2,0.001000,1.000000,1421879.375000,58520.503906,1470000.000000,1470000.000000,1470000.000000,1470000.000000
868,1,1,0.001000,0.000000,151116.000000,0.000000,1470000.000000,1470000.000000,1470000.000000,1470000.000000
868,1,2,0.001000,0.900000,142798.406250,154196.140625,1470000.000000,1470000.000000,1323000.000000,1470000.000000
874,1,1,0.001000,0.000000,151116.000000,0.000000,1470000.000000,1470000.000000,1470000.000000,1470000.000000
874,1,2,0.001000,0.900000,159449.046875,115244.382812,1470000.000000,1470000.000000,1323000.000000,1470000.000000
877,1,1,0.001000,0.000000,151116.000000,0.000000,1470000.000000,1470000.000000,1470000.000000,1470000.000000
877,1,2,0.001000,0.900000,181113.921875,132956.359375,1470000.000000,1470000.000000,1323000.000000,1470000.000000
880,1,1,0.001000,0.000000,291060.000000,0.000000,1470000.000000,1470000.000000,1470000.000000,1470000.000000
880,1,2,0.001000,1.000000,283824.187500,230522.171875,1470000.000000,1470000.000000,1470000.000000,1470000.000000
885,1,1,0.001000,0.000000,151116.000000,0.000000,1470000.000000,1470000.000000,1470000.000000,1470000.000000
885,1,2,0.001000,1.000000,140120.937500,117480.117188,1470000.000000,1470000.000000,1470000.000000,1470000.000000
896,1,1,0.001000,0.000000,151116.000000,0.000000,1470000.000000,1470000.000000,1470000.000000,1470000.000000
896,1,2,0.001000,0.900000,155357.093750,168824.453125,1470000.000000,1470000.000000,1323000.000000,1470000.000000
897,1,1,0.001000,0.000000,151116.000000,0.000000,1470000.000000,1470000.000000,1470000.000000,1470000.000000
897,1,2,0.001000,0.900000,161878.328125,133964.921875,1470000.000000,1470000.000000,1323000.000000,1470000.000000
898,1,1,0.001000,0.000000,291060.000000,0.000000,1470000.000000,1470000.000000,1470000.000000,1470000.000000
898,1,2,0.001000,1.000000,322617.625000,253439.078125,1470000.000000,1470000.000000,1470000.000000,1470000.000000
902,1,1,0.001000,0.000000,75558.000000,0.000000,735000.000000,1470000.000000,1470000.000000,1470000.000000
902,1,2,0.001000,0.800000,68064.101562,106399.671875,735000.000000,1470000.000000,1176000.000000,1470000.000000
907,1,1,0.001000,0.000000,151116.000000,0.000000,1470000.000000,1470000.000000,1470000.000000,1470000.000000
907,1,2,0.001000,0.700000,203737.921875,279763.906250,1470000.000000,1470000.000000,1029000.000000,1470000.000000
909,1,1,0.001000,0.000000,151116.000000,0.000000,1470000.000000,1470000.000000,1470000.000000,1470000.000000
909,1,2,0.001000,0.900000,127599.039062,164383.375000,1470000.000000,1470000.000000,1323000.000000,1470000.000000
910,1,1,0.001000,0.000000,151116.000000,0.000000,1470000.000000,1470000.000000,1470000.000000,1470000.000000
910,1,2,0.001000,0.900000,165878.265625,185631.656250,1470000.000000,1470000.000000,1323000.000000,1470000.000000
919,1,1,0.001000,0.000000,151116.000000,0.000000,1470000.000000,1470000.000000,1470000.000000,1470000.000000
919,1,2,0.001000,1.000000,129681.812500,146233.734375,1470000.000000,1470000.000000,1470000.000000,1470000.000000
929,1,1,0.001000,0.000000,151116.000000,0.000000,1470000.000000,1470000.000000,1470000.000000,1470000.000000
929,1,2,0.001000,1.000000,155180.156250,148116.656250,1470000.000000,1470000.000000,1470000.000000,1470000.000000
934,1,1,0.001000,0.000000,151116.000000,0.000000,1470000.000000,1470000.000000,1470000.000000,1470000.000000
934,1,2,0.001000,0.900000,115355.609375,149634.203125,1470000.000000,1470000.000000,1323000.000000,1470000.000000
935,1,1,0.001000,0.000000,151116.000000,0.000000,1470000.000000,1470000.000000,1470000.000000,1470000.000000
935,1,2,0.001000,0.800000,173847.265625,220853.781250,1470000.000000,1470000.000000,1176000.000000,1470000.000000
942,1,1,0.001000,0.000000,431003.968750,0.000000,1470000.000000,1470000.000000,1470000.000000,1470000.000000
942,1,2,0.001000,1.000000,408958.437500,177697.531250,1470000.000000,1470000.000000,1470000.000000,1470000.000000
944,1,1,0.001000,0.000000,291060.000000,0.000000,1470000.000000,1470000.000000,1470000.000000,1470000.000000
944,1,2,0.001000,1.000000,264269.781250,206392.671875,1470000.000000,1470000.000000,1470000.000000,1470000.000000
946,1,1,0.001000,0.000000,151116.000000,0.000000,1470000.000000,1470000.000000,1470000.000000,1470000.000000
946,1,2,0.001000,0.700000,158953.750000,180429.265625,1470000.000000,1470000.000000,1029000.000000,1470000.000000
951,1,1,0.001000,0.000000,151116.000000,0.000000,1470000.000000,1470000.000000,1470000.000000,1470000.000000
951,1,2,0.001000,0.900000,188429.750000,199993.796875,1470000.000000,1470000.000000,1323000.000000,1470000.000000
952,1,1,0.001000,0.000000,151116.000000,0.000000,1470000.000000,1470000.000000,1470000.000000,1470000.000000
952,1,2,0.001000,0.900000,120085.335938,160584.421875,1470000.000000,1470000.000000,1323000.000000,1470000.000000
954,1,1,0.001000,0.000000,151116.000000,0.000000,1470000.000000,1470000.000000,1470000.000000,1470000.000000
954,1,2,0.001000,1.000000,149509.281250,138461.265625,1470000.000000,1470000.000000,1470000.000000,1470000.000000
958,1,1,0.001000,0.000000,151116.000000,0.000000,1470000.000000,1470000.000000,1470000.000000,1470000.000000
958,1,2,0.001000,0.800000,161955.437500,161427.875000,1470000.000000,1470000.000000,1176000.000000,1470000.000000
962,1,1,0.001000,0.000000,151116.000000,0.000000,1470000.000000,1470000.000000,1470000.000000,1470000.000000
962,1,2,0.001000,0.800000,130440.898438,151149.703125,1470000.000000,1470000.000000,1176000.000000,1470000.000000
965,1,1,0.001000,0.000000,151116.000000,0.000000,1470000.000000,1470000.000000,1470000.000000,1470000.000000
965,1,2,0.001000,0.900000,162600.093750,176021.000000,1470000.000000,1470000.000000,1323000.000000,1470000.000000
968,1,1,0.001000,0.000000,151116.000000,0.000000,1470000.000000,1470000.000000,1470000.000000,1470000.000000
968,1,2,0.001000,0.800000,167170.281250,192562.109375,1470000.000000,1470000.000000,1176000.000000,1470000.000000
974,1,1,0.001000,0.000000,151116.000000,0.000000,1470000.000000,1470000.000000,1470000.000000,1470000.000000
974,1,2,0.001000,1.000000,198791.968750,193307.203125,1470000.000000,1470000.000000,1470000.000000,1470000.000000
982,1,1,0.001000,0.000000,867300.000000,0.000000,1470000.000000,1470000.000000,1470000.000000,1470000.000000
982,1,2,0.001000,1.000000,836813.437500,403233.593750,1470000.000000,1470000.000000,1470000.000000,1470000.000000
988,1,1,0.001000,0.000000,291060.000000,0.000000,1470000.000000,1470000.000000,1470000.000000,1470000.000000
988,1,2,0.001000,0.900000,284949.968750,241687.546875,1470000.000000,1470000.000000,1323000.000000,1470000.000000
990,1,1,0.001000,0.000000,575652.000000,0.000000,1470000.000000,1470000.000000,1470000.000000,1470000.000000
990,1,2,0.001000,1.000000,558850.875000,213635.875000,1470000.000000,1470000.000000,1470000.000000,1470000.000000
993,1,1,0.001000,0.000000,151116.000000,0.000000,1470000.000000,1470000.000000,1470000.000000,1470000.000000
993,1,2,0.001000,1.000000,143021.765625,135926.750000,1470000.000000,1470000.000000,1470000.000000,1470000.000000
994,1,1,0.001000,0.000000,151116.000000,0.000000,1470000.000000,1470000.000000,1470000.000000,1470000.000000
994,1,2,0.001000,1.000000,167536.093750,188473.281250,1470000.000000,1470000.000000,1470000.000000,1470000.000000
995,1,1,0.001000,0.000000,151116.000000,0.000000,1470000.000000,1470000.000000,1470000.000000,1470000.000000
995,1,2,0.001000,0.800000,152587.875000,214353.734375,1470000.000000,1470000.000000,1176000.000000,1470000.000000
997,1,1,0.001000,0.000000,151116.000000,0.000000,1470000.000000,1470000.000000,1470000.000000,1470000.000000
997,1,2,0.001000,0.800000,110743.914062,122487.593750,1470000.000000,1470000.000000,1176000.000000,1470000.000000
1000,1,1,0.001000,0.000000,151116.000000,0.000000,1470000.000000,1470000.000000,1470000.000000,1470000.000000
1000,1,2,0.001000,1.000000,152074.640625,138076.078125,1470000.000000,1470000.000000,1470000.000000,1470000.000000
1003,1,1,0.001000,0.000000,151116.000000,0.000000,1470000.000000,1470000.000000,1470000.000000,1470000.000000
1003,1,2,0.001000,0.900000,134374.890625,203440.171875,1470000.000000,1470000.000000,1323000.000000,1470000.000000
1005,1,1,0.001000,0.000000,151116.000000,0.000000,1470000.000000,1470000.000000,1470000.000000,1470000.000000
1005,1,2,0.001000,0.900000,137040.250000,120796.671875,1470000.000000,1470000.000000,1323000.000000,1470000.000000
1011,1,1,0.001000,0.000000,151116.000000,0.000000,1470000.000000,1470000.000000,1470000.000000,1470000.000000
1011,1,2,0.001000,0.800000,152880.218750,187289.078125,1470000.000000,1470000.000000,1176000.000000,1470000.000000
1021,1,1,0.001000,0.000000,151116.000000,0.000000,1470000.000000,1470000.000000,1470000.000000,1470000.000000
1021,1,2,0.001000,0.900000,142079.093750,154471.546875,1470000.000000,1470000.000000,1323000.000000,1470000.000000
1027,1,1,0.001000,0.000000,151116.000000,0.000000,1470000.000000,1470000.000000,1470000.000000,1470000.000000
1027,1,2,0.001000,0.800000,161794.343750,164563.609375,1470000.000000,1470000.000000,1176000.000000,1470000.000000
1031,1,1,0.001000,0.000000,151116.000000,0.000000,1470000.000000,1470000.000000,1470000.000000,1470000.000000
1031,1,2,0.001000,0.900000,134131.484375,137990.812500,1470000.000000,1470000.000000,1323000.000000,1470000.000000
1038,1,1,0.001000,0.000000,151116.000000,0.000000,1470000.000000,1470000.000000,1470000.000000,1470000.000000
1038,1,2,0.001000,0.800000,164932.718750,231839.703125,1470000.000000,1470000.000000,1176000.000000,1470000.000000
1050,1,1,0.001000,0.000000,151116.000000,0.000000,1470000.000000,1470000.000000,1470000.000000,1470000.000000
1050,1,2,0.001000,0.800000,135912.703125,153456.718750,1470000.000000,1470000.000000,1176000.000000,1470000.000000
1056,1,1,0.001000,0.000000,151116.000000,0.000000,1470000.000000,1470000.000000,1470000.000000,1470000.000000
1056,1,2,0.001000,0.900000,103833.789062,101298.164062,1470000.000000,1470000.000000,1323000.000000,1470000.000000
1061,1,1,0.001000,0.000000,151116.000000,0.000000,1470000.000000,1470000.000000,1470000.000000,1470000.000000
1061,1,2,0.001000,0.900000,149019.843750,223316.187500,1470000.000000,1470000.000000,1323000.000000,1470000.000000
1066,1,1,0.001000,0.000000,151116.000000,0.000000,1470000.000000,1470000.000000,1470000.000000,1470000.000000
1066,1,2,0.001000,0.900000,161040.156250,154075.906250,1470000.000000,1470000.000000,1323000.000000,1470000.000000
1070,1,1,0.001000,0.000000,151116.000000,0.000000,1470000.000000,1470000.000000,1470000.000000,1470000.000000
1070,1,2,0.001000,0.800000,194964.968750,251605.734375,1470000.000000,1470000.000000,1176000.000000,1470000.000000
1075,1,1,0.001000,0.000000,151116.000000,0.000000,1470000.000000,1470000.000000,1470000.000000,1470000.000000
1075,1,2,0.001000,0.800000,148646.484375,167118.359375,1470000.000000,1470000.000000,1176000.000000,1470000.000000
1077,1,1,0.001000,0.000000,75558.000000,0.000000,735000.000000,1470000.000000,1470000.000000,1470000.000000
1077,1,2,0.001000,0.500000,75389.234375,128767.265625,735000.000000,1470000.000000,735000.000000,1470000.000000
1081,1,1,0.001000,0.000000,151116.000000,0.000000,1470000.000000,1470000.000000,1470000.000000,1470000.000000
1081,1,2,0.001000,1.000000,123613.187500,132202.562500,1470000.000000,1470000.000000,1470000.000000,1470000.000000
1082,1,1,0.001000,0.000000,291060.000000,0.000000,1470000.000000,1470000.000000,1470000.000000,1470000.000000
1082,1,2,0.001000,0.900000,278595.156250,199853.171875,1470000.000000,1470000.000000,1323000.000000,1470000.000000
1085,1,1,0.001000,0.000000,151116.000000,0.000000,1470000.000000,1470000.000000,1470000.000000,1470000.000000
1085,1,2,0.001000,0.900000,178102.718750,150345.796875,1470000.000000,1470000.000000,1323000.000000,1470000.000000
1086,1,1,0.001000,0.000000,151116.000000,0.000000,1470000.000000,1470000.000000,1470000.000000,1470000.000000
1086,1,2,0.001000,1.000000,124476.875000,93642.101562,1470000.000000,1470000.000000,1470000.000000,1470000.000000
1093,1,1,0.001000,0.000000,151116.000000,0.000000,1470000.000000,1470000.000000,1470000.000000,1470000.000000
1093,1,2,0.001000,1.000000,124877.835938,83524.289062,1470000.000000,1470000.000000,1470000.000000,1470000.000000
1094,1,1,0.001000,0.000000,151116.000000,0.000000,1470000.000000,1470000.000000,1470000.000000,1470000.000000
1094,1,2,0.001000,1.000000,78974.882812,59569.000000,1470000.000000,1470000.000000,1470000.000000,1470000.000000
1095,1,1,0.001000,0.000000,75558.000000,0.000000,735000.000000,1470000.000000,1470000.000000,1470000.000000
1095,1,2,0.001000,0.600000,94651.070312,156556.015625,735000.000000,1470000.000000,882000.000000,1470000.000000
1097,1,1,0.001000,0.000000,75558.000000,0.000000,735000.000000,1470000.000000,1470000.000000,1470000.000000
1097,1,2,0.001000,0.600000,69361.226562,124553.914062,735000.000000,1470000.000000,882000.000000,1470000.000000
1098,1,1,0.001000,0.000000,151116.000000,0.000000,1470000.000000,1470000.000000,1470000.000000,1470000.000000
1098,1,2,0.001000,1.000000,126260.648438,143920.968750,1470000.000000,1470000.000000,1470000.000000,1470000.000000
1104,1,1,0.001000,0.000000,151116.000000,0.000000,1470000.000000,1470000.000000,1470000.000000,1470000.000000
1104,1,2,0.001000,0.700000,149740.203125,205223.171875,1470000.000000,1470000.000000,1029000.000000,1470000.000000
1105,1,1,0.001000,0.000000,151116.000000,0.000000,1470000.000000,1470000.000000,1470000.000000,1470000.000000
1105,1,2,0.001000,0.800000,138467.718750,126196.257812,1470000.000000,1470000.000000,1176000.000000,1470000.000000
1107,1,1,0.001000,0.000000,151116.000000,0.000000,1470000.000000,1470000.000000,1470000.000000,1470000.000000
1107,1,2,0.001000,0.700000,123974.710938,135328.140625,1470000.000000,1470000.000000,1029000.000000,1470000.000000
1112,1,1,0.001000,0.000000,151116.000000,0.000000,1470000.000000,1470000.000000,1470000.000000,1470000.000000
1112,1,2,0.001000,0.800000,136339.921875,147305.828125,1470000.000000,1470000.000000,1176000.000000,1470000.000000
1114,1,1,0.001000,0.000000,151116.000000,0.000000,1470000.000000,1470000.000000,1470000.000000,1470000.000000
1114,1,2,0.001000,0.900000,123127.046875,110072.132812,1470000.000000,1470000.000000,1323000.000000,1470000.000000
1117,1,1,0.001000,0.000000,151116.000000,0.000000,1470000.000000,1470000.000000,1470000.000000,1470000.000000
1117,1,2,0.001000,0.800000,143447.046875,159532.890625,1470000.000000,1470000.000000,1176000.000000,1470000.000000
1120,1,1,0.001000,0.000000,151116.000000,0.000000,1470000.000000,1470000.000000,1470000.000000,1470000.000000
1120,1,2,0.001000,0.800000,128394.046875,148820.843750,1470000.000000,1470000.000000,1176000.000000,1470000.000000
1122,1,1,0.001000,0.000000,151116.000000,0.000000,1470000.000000,1470000.000000,1470000.000000,1470000.000000
1122,1,2,0.001000,1.000000,149104.953125,196468.875000,1470000.000000,1470000.000000,1470000.000000,1470000.000000
1127,1,1,0.001000,0.000000,151116.000000,0.000000,1470000.000000,1470000.000000,1470000.000000,1470000.000000
1127,1,2,0.001000,0.800000,124494.023438,109209.671875,1470000.000000,1470000.000000,1176000.000000,1470000.000000
1130,1,1,0.001000,0.000000,151116.000000,0.000000,1470000.000000,1470000.000000,1470000.000000,1470000.000000
1130,1,2,0.001000,0.900000,167689.531250,204026.406250,1470000.000000,1470000.000000,1323000.000000,1470000.000000
1137,1,1,0.001000,0.000000,291060.000000,0.000000,1470000.000000,1470000.000000,1470000.000000,1470000.000000
1137,1,2,0.001000,1.000000,271529.937500,191612.218750,1470000.000000,1470000.000000,1470000.000000,1470000.000000
1138,1,1,0.001000,0.000000,151116.000000,0.000000,1470000.000000,1470000.000000,1470000.000000,1470000.000000
1138,1,2,0.001000,1.000000,147260.093750,109167.320312,1470000.000000,1470000.000000,1470000.000000,1470000.000000
1139,1,1,0.001000,0.000000,151116.000000,0.000000,1470000.000000,1470000.000000,1470000.000000,1470000.000000
1139,1,2,0.001000,1.000000,210896.453125,285931.031250,1470000.000000,1470000.000000,1470000.000000,1470000.000000
1142,1,1,0.001000,0.000000,151116.000000,0.000000,1470000.000000,1470000.000000,1470000.000000,1470000.000000
1142,1,2,0.001000,0.900000,131967.703125,158484.062500,1470000.000000,1470000.000000,1323000.000000,1470000.000000
1144,1,1,0.001000,0.000000,151116.000000,0.000000,1470000.000000,1470000.000000,1470000.000000,1470000.000000
1144,1,2,0.001000,1.000000,139391.812500,105917.765625,1470000.000000,1470000.000000,1470000.000000,1470000.000000
1151,1,1,0.001000,0.000000,151116.000000,0.000000,1470000.000000,1470000.000000,1470000.000000,1470000.000000
1151,1,2,0.001000,0.900000,132894.468750,166251.875000,1470000.000000,1470000.000000,1323000.000000,1470000.000000
1152,1,1,0.001000,0.000000,151116.000000,0.000000,1470000.000000,1470000.000000,1470000.000000,1470000.000000
1152,1,2,0.001000,0.800000,154309.296875,131048.210938,1470000.000000,1470000.000000,1176000.000000,1470000.000000
1154,1,1,0.001000,0.000000,151116.000000,0.000000,1470000.000000,1470000.000000,1470000.000000,1470000.000000
1154,1,2,0.001000,0.900000,139829.640625,192784.609375,1470000.000000,1470000.000000,1323000.000000,1470000.000000
1155,1,1,0.001000,0.000000,151116.000000,0.000000,1470000.000000,1470000.000000,1470000.000000,1470000.000000
1155,1,2,0.001000,0.900000,172639.328125,170918.265625,1470000.000000,1470000.000000,1323000.000000,1470000.000000
1161,1,1,0.001000,0.000000,151116.000000,0.000000,1470000.000000,1470000.000000,1470000.000000,1470000.000000
1161,1,2,0.001000,0.900000,131160.390625,199712.125000,1470000.000000,1470000.000000,1323000.000000,1470000.000000
1166,1,1,0.001000,0.000000,151116.000000,0.000000,1470000.000000,1470000.000000,1470000.000000,1470000.000000
1166,1,2,0.001000,1.000000,136832.281250,205650.343750,1470000.000000,1470000.000000,1470000.000000,1470000.000000
1188,1,1,0.001000,0.000000,151116.000000,0.000000,1470000.000000,1470000.000000,1470000.000000,1470000.000000
1188,1,2,0.001000,0.700000,168242.953125,172902.015625,1470000.000000,1470000.000000,1029000.000000,1470000.000000
1193,1,1,0.001000,0.000000,291060.000000,0.000000,1470000.000000,1470000.000000,1470000.000000,1470000.000000
1193,1,2,0.001000,0.900000,273253.218750,159352.781250,1470000.000000,1470000.000000,1323000.000000,1470000.000000
1210,1,1,0.001000,0.000000,151116.000000,0.000000,1470000.000000,1470000.000000,1470000.000000,1470000.000000
1210,1,2,0.001000,0.900000,179040.703125,219848.312500,1470000.000000,1470000.000000,1323000.000000,1470000.000000
1214,1,1,0.001000,0.000000,291060.000000,0.000000,1470000.000000,1470000.000000,1470000.000000,1470000.000000
1214,1,2,0.001000,1.000000,277289.437500,156864.671875,1470000.000000,1470000.000000,1470000.000000,1470000.000000
1217,1,1,0.001000,0.000000,151116.000000,0.000000,1470000.000000,1470000.000000,1470000.000000,1470000.000000
1217,1,2,0.001000,0.900000,134778.046875,176061.671875,1470000.000000,1470000.000000,1323000.000000,1470000.000000
1221,1,1,0.001000,0.000000,75558.000000,0.000000,735000.000000,1470000.000000,1470000.000000,1470000.000000
1221,1,2,0.001000,0.600000,103193.242188,174712.328125,735000.000000,1470000.000000,882000.000000,1470000.000000
1225,1,1,0.001000,0.000000,151116.000000,0.000000,1470000.000000,1470000.000000,1470000.000000,1470000.000000
1225,1,2,0.001000,0.900000,158628.640625,266165.375000,1470000.000000,1470000.000000,1323000.000000,1470000.000000
1226,1,1,0.001000,0.000000,151116.000000,0.000000,1470000.000000,1470000.000000,1470000.000000,1470000.000000
1226,1,2,0.001000,1.000000,133162.750000,151882.203125,1470000.000000,1470000.000000,1470000.000000,1470000.000000
1227,1,1,0.001000,0.000000,151116.000000,0.000000,1470000.000000,1470000.000000,1470000.000000,1470000.000000
1227,1,2,0.001000,1.000000,152122.796875,134980.750000,1470000.000000,1470000.000000,1470000.000000,1470000.000000
1229,1,1,0.001000,0.000000,575652.000000,0.000000,1470000.000000,1470000.000000,1470000.000000,1470000.000000
1229,1,2,0.001000,1.000000,554499.625000,318275.906250,1470000.000000,1470000.000000,1470000.000000,1470000.000000
1231,1,1,0.001000,0.000000,1329762.000000,0.000000,1470000.000000,1470000.000000,1470000.000000,1470000.000000
1231,1,2,0.001000,1.000000,1184334.000000,307216.312500,1470000.000000,1470000.000000,1470000.000000,1470000.000000
1239,1,1,0.001000,0.000000,151116.000000,0.000000,1470000.000000,1470000.000000,1470000.000000,1470000.000000
1239,1,2,0.001000,0.900000,139050.203125,130487.867188,1470000.000000,1470000.000000,1323000.000000,1470000.000000
1243,1,1,0.001000,0.000000,151116.000000,0.000000,1470000.000000,1470000.000000,1470000.000000,1470000.000000
1243,1,2,0.001000,0.900000,126319.585938,128904.921875,1470000.000000,1470000.000000,1323000.000000,1470000.000000
1255,1,1,0.001000,0.000000,151116.000000,0.000000,1470000.000000,1470000.000000,1470000.000000,1470000.000000
1255,1,2,0.001000,1.000000,164993.562500,180871.171875,1470000.000000,1470000.000000,1470000.000000,1470000.000000
1262,1,1,0.001000,0.000000,151116.000000,0.000000,1470000.000000,1470000.000000,1470000.000000,1470000.000000
1262,1,2,0.001000,0.900000,150188.031250,209107.656250,1470000.000000,1470000.000000,1323000.000000,1470000.000000
1265,1,1,0.001000,0.000000,151116.000000,0.000000,1470000.000000,1470000.000000,1470000.000000,1470000.000000
1265,1,2,0.001000,0.900000,135251.453125,103991.664062,1470000.000000,1470000.000000,1323000.000000,1470000.000000
1267,1,1,0.001000,0.000000,151116.000000,0.000000,1470000.000000,1470000.000000,1470000.000000,1470000.000000
1267,1,2,0.001000,0.900000,177250.062500,199706.218750,1470000.000000,1470000.000000,1323000.000000,1470000.000000
1271,1,1,0.001000,0.000000,1470000.000000,0.000000,1470000.000000,1470000.000000,1470000.000000,1470000.000000
1271,1,2,0.001000,1.000000,1470000.000000,0.000000,1470000.000000,1470000.000000,1470000.000000,1470000.000000
1274,1,1,0.001000,0.000000,151116.000000,0.000000,1470000.000000,1470000.000000,1470000.000000,1470000.000000
1274,1,2,0.001000,0.800000,176491.406250,201448.296875,1470000.000000,1470000.000000,1176000.000000,1470000.000000
1275,1,1,0.001000,0.000000,575652.000000,0.000000,1470000.000000,1470000.000000,1470000.000000,1470000.000000
1275,1,2,0.001000,1.000000,563907.062500,352297.593750,1470000.000000,1470000.000000,1470000.000000,1470000.000000
1285,1,1,0.001000,0.000000,151116.000000,0.000000,1470000.000000,1470000.000000,1470000.000000,1470000.000000
1285,1,2,0.001000,1.000000,159400.203125,144302.921875,1470000.000000,1470000.000000,1470000.000000,1470000.000000
1290,1,1,0.001000,0.000000,151116.000000,0.000000,1470000.000000,1470000.000000,1470000.000000,1470000.000000
1290,1,2,0.001000,0.800000,157188.281250,157093.718750,1470000.000000,1470000.000000,1176000.000000,1470000.000000
1294,1,1,0.001000,0.000000,867300.000000,0.000000,1470000.000000,1470000.000000,1470000.000000,1470000.000000
1294,1,2,0.001000,1.000000,850364.375000,339980.093750,1470000.000000,1470000.000000,1470000.000000,1470000.000000
1296,1,1,0.001000,0.000000,151116.000000,0.000000,1470000.000000,1470000.000000,1470000.000000,1470000.000000
1296,1,2,0.001000,1.000000,144410.703125,177801.921875,1470000.000000,1470000.000000,1470000.000000,1470000.000000
1303,1,1,0.001000,0.000000,151116.000000,0.000000,1470000.000000,1470000.000000,1470000.000000,1470000.000000
1303,1,2,0.001000,0.900000,97134.171875,126138.164062,1470000.000000,1470000.000000,1323000.000000,1470000.000000
1305,1,1,0.001000,0.000000,291060.000000,0.000000,1470000.000000,1470000.000000,1470000.000000,1470000.000000
1305,1,2,0.001000,1.000000,293761.250000,296196.812500,1470000.000000,1470000.000000,1470000.000000,1470000.000000
1308,1,1,0.001000,0.000000,151116.000000,0.000000,1470000.000000,1470000.000000,1470000.000000,1470000.000000
1308,1,2,0.001000,0.900000,118799.101562,141235.718750,1470000.000000,1470000.000000,1323000.000000,1470000.000000
1309,1,1,0.001000,0.000000,75558.000000,0.000000,735000.000000,1470000.000000,1470000.000000,1470000.000000
1309,1,2,0.001000,0.700000,77382.367188,112527.890625,735000.000000,1470000.000000,1029000.000000,1470000.000000
1322,1,1,0.001000,0.000000,151116.000000,0.000000,1470000.000000,1470000.000000,1470000.000000,1470000.000000
1322,1,2,0.001000,1.000000,156408.531250,250205.656250,1470000.000000,1470000.000000,1470000.000000,1470000.000000
1323,1,1,0.001000,0.000000,151116.000000,0.000000,1470000.000000,1470000.000000,1470000.000000,1470000.000000
1323,1,2,0.001000,0.700000,181426.046875,199277.218750,1470000.000000,1470000.000000,1029000.000000,1470000.000000
1324,1,1,0.001000,0.000000,151116.000000,0.000000,1470000.000000,1470000.000000,1470000.000000,1470000.000000
1324,1,2,0.001000,0.700000,138829.140625,182195.828125,1470000.000000,1470000.000000,1029000.000000,1470000.000000
1325,1,1,0.001000,0.000000,151116.000000,0.000000,1470000.000000,1470000.000000,1470000.000000,1470000.000000
1325,1,2,0.001000,0.800000,168030.515625,145797.750000,1470000.000000,1470000.000000,1176000.000000,1470000.000000
1330,1,1,0.001000,0.000000,75558.000000,0.000000,735000.000000,1470000.000000,1470000.000000,1470000.000000
1330,1,2,0.001000,0.800000,72374.632812,89452.320312,735000.000000,1470000.000000,1176000.000000,1470000.000000
1332,1,1,0.001000,0.000000,151116.000000,0.000000,1470000.000000,1470000.000000,1470000.000000,1470000.000000
1332,1,2,0.001000,1.000000,157110.218750,170855.609375,1470000.000000,1470000.000000,1470000.000000,1470000.000000
1334,1,1,0.001000,0.000000,151116.000000,0.000000,1470000.000000,1470000.000000,1470000.000000,1470000.000000
1334,1,2,0.001000,0.900000,129230.078125,140587.453125,1470000.000000,1470000.000000,1323000.000000,1470000.000000
1342,1,1,0.001000,0.000000,151116.000000,0.000000,1470000.000000,1470000.000000,1470000.000000,1470000.000000
1342,1,2,0.001000,1.000000,175928.390625,197361.156250,1470000.000000,1470000.000000,1470000.000000,1470000.000000
1345,1,1,0.001000,0.000000,75558.000000,0.000000,735000.000000,1470000.000000,1470000.000000,1470000.000000
1345,1,2,0.001000,0.600000,68670.445312,137461.015625,735000.000000,1470000.000000,882000.000000,1470000.000000
1348,1,1,0.001000,0.000000,151116.000000,0.000000,1470000.000000,1470000.000000,1470000.000000,1470000.000000
1348,1,2,0.001000,0.900000,189721.406250,157770.703125,1470000.000000,1470000.000000,1323000.000000,1470000.000000
1361,1,1,0.001000,0.000000,1470000.000000,0.000000,1470000.000000,1470000.000000,1470000.000000,1470000.000000
1361,1,2,0.001000,1.000000,1470000.000000,0.000000,1470000.000000,1470000.000000,1470000.000000,1470000.000000
1368,1,1,0.001000,0.000000,431003.968750,0.000000,1470000.000000,1470000.000000,1470000.000000,1470000.000000
1368,1,2,0.001000,1.000000,389754.500000,151466.062500,1470000.000000,1470000.000000,1470000.000000,1470000.000000
1373,1,1,0.001000,0.000000,75558.000000,0.000000,735000.000000,1470000.000000,1470000.000000,1470000.000000
1373,1,2,0.001000,0.600000,91543.187500,138496.890625,735000.000000,1470000.000000,882000.000000,1470000.000000
1377,1,1,0.001000,0.000000,151116.000000,0.000000,1470000.000000,1470000.000000,1470000.000000,1470000.000000
1377,1,2,0.001000,0.700000,139619.343750,275862.562500,1470000.000000,1470000.000000,1029000.000000,1470000.000000
1379,1,1,0.001000,0.000000,151116.000000,0.000000,1470000.000000,1470000.000000,1470000.000000,1470000.000000
1379,1,2,0.001000,0.900000,188449.515625,236708.828125,1470000.000000,1470000.000000,1323000.000000,1470000.000000
1382,1,1,0.001000,0.000000,151116.000000,0.000000,1470000.000000,1470000.000000,1470000.000000,1470000.000000
1382,1,2,0.001000,0.900000,157525.796875,224787.171875,1470000.000000,1470000.000000,1323000.000000,1470000.000000
1384,1,1,0.001000,0.000000,575652.000000,0.000000,1470000.000000,1470000.000000,1470000.000000,1470000.000000
1384,1,2,0.001000,1.000000,554155.687500,208382.671875,1470000.000000,1470000.000000,1470000.000000,1470000.000000
1389,1,1,0.001000,0.000000,1155420.000000,0.000000,1470000.000000,1470000.000000,1470000.000000,1470000.000000
1389,1,2,0.001000,1.000000,1070218.375000,324185.812500,1470000.000000,1470000.000000,1470000.000000,1470000.000000
1391,1,1,0.001000,0.000000,151116.000000,0.000000,1470000.000000,1470000.000000,1470000.000000,1470000.000000
1391,1,2,0.001000,1.000000,139654.687500,170151.031250,1470000.000000,1470000.000000,1470000.000000,1470000.000000
1392,1,1,0.001000,0.000000,151116.000000,0.000000,1470000.000000,1470000.000000,1470000.000000,1470000.000000
1392,1,2,0.001000,1.000000,173577.531250,134439.968750,1470000.000000,1470000.000000,1470000.000000,1470000.000000
1395,1,1,0.001000,0.000000,151116.000000,0.000000,1470000.000000,1470000.000000,1470000.000000,1470000.000000
1395,1,2,0.001000,0.900000,167445.921875,162125.781250,1470000.000000,1470000.000000,1323000.000000,1470000.000000
1398,1,1,0.001000,0.000000,151116.000000,0.000000,1470000.000000,1470000.000000,1470000.000000,1470000.000000
1398,1,2,0.001000,0.900000,112214.164062,148137.781250,1470000.000000,1470000.000000,1323000.000000,1470000.000000
1399,1,1,0.001000,0.000000,431003.968750,0.000000,1470000.000000,1470000.000000,1470000.000000,1470000.000000
1399,1,2,0.001000,1.000000,425777.312500,240019.296875,1470000.000000,1470000.000000,1470000.000000,1470000.000000
1405,1,1,0.001000,0.000000,75558.000000,0.000000,735000.000000,1470000.000000,1470000.000000,1470000.000000
1405,1,2,0.001000,0.500000,82801.171875,126182.234375,735000.000000,1470000.000000,735000.000000,1470000.000000
1407,1,1,0.001000,0.000000,151116.000000,0.000000,1470000.000000,1470000.000000,1470000.000000,1470000.000000
1407,1,2,0.001000,1.000000,112342.515625,139891.906250,1470000.000000,1470000.000000,1470000.000000,1470000.000000
1413,1,1,0.001000,0.000000,720300.000000,0.000000,1470000.000000,1470000.000000,1470000.000000,1470000.000000
1413,1,2,0.001000,1.000000,711362.375000,302292.531250,1470000.000000,1470000.000000,1470000.000000,1470000.000000
1419,1,1,0.001000,0.000000,151116.000000,0.000000,1470000.000000,1470000.000000,1470000.000000,1470000.000000
1419,1,2,0.001000,0.800000,143086.406250,238725.640625,1470000.000000,1470000.000000,1176000.000000,1470000.000000
1424,1,1,0.001000,0.000000,151116.000000,0.000000,1470000.000000,1470000.000000,1470000.000000,1470000.000000
1424,1,2,0.001000,0.800000,149653.625000,205404.703125,1470000.000000,1470000.000000,1176000.000000,1470000.000000
1427,1,1,0.001000,0.000000,151116.000000,0.000000,1470000.000000,1470000.000000,1470000.000000,1470000.000000
1427,1,2,0.001000,0.800000,125975.914062,158346.656250,1470000.000000,1470000.000000,1176000.000000,1470000.000000
1437,1,1,0.001000,0.000000,151116.000000,0.000000,1470000.000000,1470000.000000,1470000.000000,1470000.000000
1437,1,2,0.001000,0.800000,154979.625000,150727.234375,1470000.000000,1470000.000000,1176000.000000,1470000.000000
1440,1,1,0.001000,0.000000,151116.000000,0.000000,1470000.000000,1470000.000000,1470000.000000,1470000.000000
1440,1,2,0.001000,0.800000,131585.578125,111529.351562,1470000.000000,1470000.000000,1176000.000000,1470000.000000
1446,1,1,0.001000,0.000000,151116.000000,0.000000,1470000.000000,1470000.000000,1470000.000000,1470000.000000
1446,1,2,0.001000,0.900000,136811.437500,185992.906250,1470000.000000,1470000.000000,1323000.000000,1470000.000000
1447,1,1,0.001000,0.000000,151116.000000,0.000000,1470000.000000,1470000.000000,1470000.000000,1470000.000000
1447,1,2,0.001000,0.900000,158568.109375,216276.593750,1470000.000000,1470000.000000,1323000.000000,1470000.000000
