GroupPeriod,Period,group_event_set_id
1,22,1
2,772,1
4,384,1
5,637,1
6,788,1
7,60,1
8,621,1
9,561,1
10,672,1
11,658,1
12,61,1
13,660,1
14,27,1
16,410,1
18,359,1
19,311,1
20,340,1
21,496,1
22,891,1
23,280,1
24,117,1
28,632,1
29,108,1
30,106,1
31,134,1
32,529,1
33,629,1
34,360,1
35,150,1
37,558,1
39,124,1
40,764,1
41,16,1
44,975,1
46,789,1
47,669,1
48,269,1
50,146,1
52,514,1
55,63,1
56,556,1
57,613,1
58,879,1
60,801,1
61,191,1
62,135,1
63,346,1
64,692,1
68,526,1
69,322,1
70,594,1
72,291,1
73,651,1
74,406,1
76,59,1
77,785,1
79,338,1
81,491,1
82,985,1
83,451,1
84,952,1
85,925,1
86,299,1
88,454,1
89,15,1
90,161,1
92,648,1
93,986,1
94,597,1
95,905,1
96,762,1
97,596,1
98,187,1
99,440,1
100,787,1
101,635,1
103,371,1
104,960,1
105,688,1
106,851,1
107,370,1
108,914,1
109,85,1
110,304,1
113,407,1
114,524,1
115,114,1
116,228,1
117,623,1
118,690,1
119,844,1
120,737,1
121,989,1
123,553,1
124,970,1
126,421,1
127,536,1
128,575,1
133,577,1
134,119,1
135,464,1
138,1,1
139,344,1
140,498,1
141,738,1
143,198,1
146,241,1
147,977,1
148,319,1
149,460,1
151,994,1
153,490,1
154,112,1
155,915,1
157,113,1
158,45,1
159,554,1
161,907,1
163,563,1
164,317,1
165,266,1
166,555,1
168,987,1
169,383,1
170,676,1
171,281,1
172,678,1
174,435,1
175,404,1
176,492,1
178,886,1
179,441,1
180,153,1
181,479,1
182,239,1
184,330,1
187,598,1
188,190,1
190,641,1
191,36,1
192,548,1
193,236,1
194,62,1
195,893,1
196,831,1
197,4,1
199,133,1
201,670,1
202,18,1
203,505,1
204,534,1
205,369,1
206,32,1
207,169,1
208,928,1
209,66,1
210,249,1
211,33,1
212,756,1
213,376,1
214,519,1
215,427,1
218,702,1
219,540,1
220,23,1
221,331,1
222,300,1
223,480,1
225,481,1
226,497,1
227,49,1
230,797,1
231,549,1
232,356,1
233,143,1
236,147,1
238,82,1
239,335,1
240,883,1
242,560,1
243,382,1
244,769,1
245,165,1
246,429,1
249,151,1
250,202,1
251,368,1
252,774,1
253,155,1
254,21,1
255,455,1
256,53,1
258,305,1
259,541,1
260,608,1
261,965,1
263,431,1
264,361,1
266,192,1
267,656,1
269,415,1
270,647,1
271,412,1
272,725,1
274,923,1
275,674,1
277,777,1
279,743,1
280,570,1
282,274,1
283,432,1
284,201,1
286,362,1
287,791,1
288,473,1
289,639,1
290,55,1
291,420,1
292,396,1
295,50,1
296,181,1
298,693,1
299,118,1
302,811,1
303,463,1
304,967,1
305,926,1
306,387,1
310,716,1
312,349,1
313,858,1
315,846,1
316,731,1
317,567,1
318,345,1
319,922,1
321,962,1
322,328,1
324,379,1
325,820,1
326,532,1
330,798,1
331,927,1
332,667,1
333,197,1
335,352,1
336,212,1
338,105,1
339,616,1
340,178,1
345,781,1
346,265,1
348,783,1
349,734,1
351,234,1
352,84,1
354,390,1
356,131,1
358,733,1
359,270,1
360,86,1
361,6,1
362,96,1
363,517,1
364,939,1
365,337,1
366,195,1
367,531,1
368,897,1
369,386,1
370,247,1
371,494,1
372,559,1
373,74,1
376,872,1
377,423,1
378,539,1
380,538,1
381,434,1
382,87,1
383,8,1
385,374,1
386,578,1
387,828,1
388,956,1
389,717,1
390,35,1
391,99,1
393,995,1
394,287,1
396,909,1
397,753,1
398,508,1
401,795,1
402,227,1
403,807,1
404,160,1
405,779,1
407,543,1
408,159,1
409,661,1
410,296,1
411,796,1
412,998,1
414,751,1
417,933,1
418,516,1
419,351,1
420,306,1
421,295,1
423,681,1
425,413,1
426,246,1
428,694,1
429,78,1
430,898,1
431,380,1
432,715,1
433,615,1
434,659,1
435,825,1
437,402,1
438,990,1
439,315,1
440,564,1
441,312,1
442,313,1
443,999,1
444,268,1
445,509,1
446,136,1
447,394,1
448,839,1
449,535,1
450,64,1
451,302,1
452,780,1
454,308,1
456,375,1
457,89,1
458,805,1
459,860,1
461,918,1
462,262,1
463,620,1
464,740,1
465,770,1
466,972,1
467,581,1
468,137,1
469,243,1
470,646,1
473,220,1
474,817,1
475,889,1
478,506,1
479,422,1
480,205,1
481,358,1
482,652,1
483,244,1
484,855,1
485,240,1
486,736,1
487,329,1
490,981,1
491,129,1
492,31,1
493,691,1
494,297,1
495,793,1
496,425,1
498,932,1
499,745,1
500,794,1
501,504,1
502,293,1
503,211,1
504,993,1
505,832,1
506,290,1
509,92,1
510,971,1
511,438,1
512,644,1
513,823,1
514,77,1
515,853,1
517,746,1
519,224,1
520,353,1
522,920,1
523,7,1
524,992,1
525,862,1
526,209,1
527,303,1
528,852,1
530,145,1
531,5,1
532,411,1
533,638,1
535,706,1
536,57,1
538,103,1
539,327,1
540,416,1
541,500,1
542,273,1
543,624,1
544,489,1
545,792,1
546,210,1
547,700,1
548,749,1
549,991,1
550,684,1
551,814,1
552,336,1
553,324,1
554,867,1
555,728,1
557,887,1
558,929,1
559,250,1
560,70,1
561,476,1
562,682,1
564,763,1
566,263,1
567,958,1
568,947,1
570,941,1
571,680,1
572,650,1
573,38,1
574,948,1
575,393,1
576,409,1
577,966,1
578,348,1
579,557,1
580,466,1
581,834,1
582,584,1
583,381,1
584,19,1
586,607,1
587,389,1
588,617,1
590,251,1
591,542,1
592,444,1
593,968,1
595,836,1
598,530,1
599,213,1
600,447,1
603,712,1
604,784,1
605,230,1
606,997,1
607,461,1
608,618,1
610,216,1
611,643,1
612,333,1
613,800,1
614,705,1
616,773,1
617,73,1
618,152,1
619,154,1
621,934,1
622,156,1
624,367,1
625,782,1
626,171,1
627,810,1
628,469,1
629,377,1
631,984,1
632,829,1
633,940,1
634,95,1
635,881,1
636,276,1
637,177,1
638,48,1
640,752,1
641,522,1
643,983,1
645,768,1
646,67,1
647,179,1
648,955,1
649,433,1
650,238,1
652,458,1
653,949,1
654,126,1
655,552,1
656,278,1
657,826,1
660,141,1
661,457,1
662,366,1
663,869,1
664,221,1
665,704,1
666,71,1
667,98,1
668,924,1
670,510,1
671,877,1
673,225,1
674,630,1
675,326,1
676,645,1
677,208,1
680,107,1
681,1000,1
682,571,1
683,398,1
686,824,1
687,417,1
688,125,1
689,525,1
690,94,1
691,193,1
692,587,1
693,288,1
695,248,1
697,687,1
699,614,1
700,726,1
701,34,1
703,426,1
704,710,1
705,341,1
706,255,1
707,483,1
708,121,1
709,916,1
711,804,1
713,175,1
714,945,1
715,449,1
716,284,1
719,128,1
720,316,1
722,372,1
723,257,1
725,130,1
726,663,1
727,194,1
728,185,1
729,757,1
732,930,1
733,475,1
735,309,1
736,174,1
737,167,1
738,2,1
740,679,1
741,657,1
742,323,1
743,727,1
744,758,1
745,219,1
746,950,1
748,56,1
749,474,1
751,786,1
756,20,1
759,625,1
760,14,1
761,37,1
762,599,1
763,873,1
764,821,1
766,849,1
767,711,1
768,574,1
770,399,1
771,703,1
772,978,1
773,354,1
774,600,1
776,408,1
777,813,1
778,272,1
780,894,1
782,184,1
783,589,1
784,267,1
785,904,1
786,741,1
788,206,1
789,627,1
790,207,1
792,428,1
793,465,1
794,611,1
795,484,1
796,419,1
797,778,1
799,640,1
800,173,1
801,72,1
802,462,1
803,701,1
804,878,1
807,973,1
808,586,1
809,242,1
810,332,1
812,186,1
813,677,1
814,544,1
815,604,1
816,188,1
818,9,1
819,895,1
821,799,1
824,148,1
825,140,1
826,97,1
827,142,1
828,803,1
829,953,1
830,54,1
832,864,1
834,655,1
835,513,1
837,533,1
838,662,1
840,603,1
841,912,1
842,818,1
843,189,1
844,841,1
845,859,1
846,642,1
847,378,1
848,874,1
850,320,1
851,565,1
853,401,1
854,675,1
855,26,1
856,289,1
857,943,1
858,528,1
859,938,1
860,666,1
862,816,1
864,258,1
865,875,1
866,424,1
867,436,1
868,450,1
871,720,1
872,260,1
873,68,1
874,75,1
876,102,1
877,520,1
878,819,1
879,405,1
880,69,1
881,809,1
882,698,1
884,325,1
886,164,1
888,310,1
889,546,1
890,730,1
891,487,1
892,42,1
894,392,1
897,833,1
898,765,1
899,163,1
900,910,1
901,719,1
902,707,1
903,919,1
904,138,1
905,41,1
906,285,1
907,144,1
909,512,1
910,884,1
915,397,1
916,842,1
917,673,1
918,282,1
919,182,1
922,568,1
924,199,1
925,495,1
926,964,1
927,334,1
928,944,1
929,942,1
930,622,1
931,456,1
932,10,1
933,631,1
934,937,1
935,511,1
937,649,1
939,229,1
940,654,1
941,931,1
942,88,1
943,882,1
944,25,1
945,231,1
946,683,1
947,279,1
948,759,1
950,771,1
951,718,1
953,899,1
954,866,1
955,744,1
957,58,1
958,857,1
959,233,1
961,612,1
962,888,1
963,840,1
964,903,1
967,100,1
968,547,1
969,890,1
970,537,1
971,653,1
972,936,1
973,254,1
974,158,1
975,252,1
976,569,1
977,30,1
978,610,1
979,827,1
982,856,1
985,583,1
986,850,1
988,116,1
989,318,1
990,722,1
993,51,1
994,812,1
995,502,1
996,79,1
997,339,1
998,261,1
999,572,1
1000,602,1
1001,379,1
1002,346,1
1003,369,1
1004,991,1
1005,163,1
1006,886,1
1007,569,1
1008,537,1
1009,386,1
1010,295,1
1011,14,1
1012,712,1
1013,905,1
1014,99,1
1015,505,1
1016,553,1
1017,807,1
1018,338,1
1019,771,1
1020,152,1
1022,513,1
1023,231,1
1024,814,1
1025,473,1
1026,819,1
1027,813,1
1028,415,1
1029,219,1
1030,784,1
1031,1000,1
1032,929,1
1034,584,1
1035,384,1
1036,757,1
1037,208,1
1039,315,1
1040,828,1
1041,817,1
1042,899,1
1044,992,1
1045,96,1
1047,206,1
1050,300,1
1051,49,1
1052,202,1
1053,938,1
1054,390,1
1055,604,1
1056,421,1
1058,86,1
1059,940,1
1060,476,1
1061,270,1
1063,583,1
1064,556,1
1065,498,1
1066,82,1
1068,675,1
1070,23,1
1071,716,1
1072,411,1
1073,953,1
1074,856,1
1075,88,1
1077,422,1
1078,30,1
1079,733,1
1081,937,1
1082,849,1
1083,519,1
1084,691,1
1085,221,1
1086,745,1
1087,337,1
1088,867,1
1089,263,1
1090,351,1
1091,509,1
1092,538,1
1094,326,1
1095,883,1
1096,190,1
1097,568,1
1098,296,1
1099,673,1
1100,792,1
1101,260,1
1102,904,1
1104,68,1
1105,236,1
1106,855,1
1108,512,1
1109,722,1
1110,178,1
1111,587,1
1112,919,1
1113,694,1
1114,797,1
1115,909,1
1116,572,1
1118,105,1
1119,536,1
1121,375,1
1122,869,1
1123,45,1
1125,787,1
1126,704,1
1128,510,1
1129,250,1
1130,143,1
1131,887,1
1132,441,1
1133,56,1
1135,915,1
1136,734,1
1137,220,1
1138,666,1
1142,615,1
1143,762,1
1144,753,1
1145,541,1
1146,810,1
1147,349,1
1148,266,1
1149,297,1
1151,194,1
1152,920,1
1153,327,1
1154,360,1
1155,144,1
1156,145,1
1157,715,1
1159,112,1
1160,831,1
1161,608,1
1162,380,1
1164,63,1
1166,282,1
1167,559,1
1168,962,1
1171,692,1
1172,632,1
1173,495,1
1175,927,1
1176,164,1
1177,272,1
1178,561,1
1179,108,1
1181,508,1
1182,42,1
1184,727,1
1185,8,1
1186,823,1
1187,949,1
1188,839,1
1191,374,1
1192,72,1
1193,877,1
1194,560,1
1195,878,1
1196,225,1
1197,571,1
1198,995,1
1199,765,1
1200,773,1
1201,207,1
1202,842,1
1203,945,1
1206,229,1
1207,617,1
1209,85,1
1210,290,1
1211,751,1
1212,429,1
1213,809,1
1214,931,1
1215,520,1
1216,950,1
1218,857,1
1219,148,1
1220,683,1
1223,490,1
1224,16,1
1227,87,1
1228,69,1
1229,956,1
1230,463,1
1231,669,1
1232,97,1
1233,785,1
1234,254,1
1235,201,1
1236,268,1
1237,780,1
1238,451,1
1239,936,1
1240,674,1
1241,58,1
1242,736,1
1243,816,1
1244,719,1
1245,688,1
1247,811,1
1248,179,1
1249,993,1
1250,544,1
1251,198,1
1252,594,1
1254,630,1
1255,189,1
1257,159,1
1258,171,1
1260,74,1
1261,174,1
1262,334,1
1263,703,1
1264,304,1
1265,759,1
1266,353,1
1267,834,1
1268,320,1
1269,7,1
1270,265,1
1271,986,1
1272,55,1
1273,652,1
1275,543,1
1277,299,1
1278,94,1
1280,687,1
1281,147,1
1282,948,1
1284,647,1
1286,2,1
1288,599,1
1289,706,1
1291,331,1
1292,603,1
1293,613,1
1296,154,1
1298,358,1
1299,528,1
1300,645,1
1302,50,1
1303,1,1
1304,680,1
1305,846,1
1306,531,1
1307,872,1
1308,92,1
1309,758,1
1310,246,1
1311,720,1
1312,278,1
1313,423,1
1314,121,1
1315,930,1
1316,241,1
1317,426,1
1318,389,1
1319,37,1
1320,67,1
1323,659,1
1324,51,1
1325,581,1
1326,335,1
1327,466,1
1329,436,1
1330,684,1
1331,598,1
1332,728,1
1334,611,1
1335,474,1
1336,393,1
1338,990,1
1339,774,1
1340,328,1
1341,649,1
1342,188,1
1343,693,1
1344,987,1
1345,77,1
1346,125,1
1348,36,1
1350,38,1
1351,799,1
1352,27,1
1353,682,1
1355,941,1
1356,637,1
1357,191,1
1359,894,1
1360,489,1
1361,998,1
1362,610,1
1363,824,1
1364,549,1
1365,492,1
1366,243,1
1367,60,1
1368,491,1
1370,133,1
1372,968,1
1373,643,1
1377,801,1
1378,769,1
1380,480,1
1381,826,1
1382,345,1
1383,794,1
1384,193,1
1385,383,1
1387,456,1
1388,881,1
1389,740,1
1390,836,1
1391,182,1
1392,18,1
1396,255,1
1398,547,1
1400,744,1
1401,511,1
1402,142,1
1404,462,1
1405,128,1
1406,977,1
1407,500,1
1408,397,1
1410,772,1
1411,71,1
1412,141,1
1413,288,1
1414,450,1
1415,642,1
1416,898,1
1417,434,1
1418,622,1
1419,638,1
1420,679,1
1421,339,1
1422,597,1
1423,496,1
1424,185,1
1425,381,1
1428,639,1
1430,862,1
1431,312,1
1432,216,1
1433,420,1
1434,818,1
1436,947,1
1438,852,1
1439,177,1
1440,663,1
1441,746,1
1442,291,1
1443,308,1
1444,461,1
1445,192,1
1446,408,1
1447,860,1
1448,372,1
1449,804,1
1450,57,1
1452,678,1
1453,829,1
1454,890,1
1455,280,1
1456,844,1
1457,650,1
1459,910,1
1460,336,1
1461,165,1
1467,31,1
1469,455,1
1470,209,1
1471,648,1
1472,635,1
1473,623,1
1474,702,1
1475,32,1
1476,233,1
1477,303,1
1478,914,1
1479,151,1
1481,247,1
1482,227,1
1483,676,1
1484,35,1
1486,618,1
1487,100,1
1488,356,1
1489,367,1
1490,710,1
1491,341,1
1494,197,1
1495,158,1
1496,64,1
1497,124,1
1498,903,1
1499,789,1
1500,54,1
1501,205,1
1503,907,1
1505,897,1
1506,387,1
1507,362,1
1508,667,1
1510,167,1
1511,602,1
1512,614,1
1513,502,1
1515,889,1
1517,305,1
1518,228,1
1519,281,1
1521,546,1
1522,690,1
1523,287,1
1524,933,1
1525,173,1
1526,160,1
1527,285,1
1528,41,1
1529,985,1
1530,726,1
1531,575,1
1533,563,1
1534,540,1
1535,21,1
1537,718,1
1539,516,1
1540,506,1
1541,416,1
1542,33,1
1544,859,1
1545,376,1
1546,175,1
1548,113,1
1549,567,1
1550,479,1
1551,333,1
1552,465,1
1553,964,1
1554,570,1
1556,126,1
1557,371,1
1559,763,1
1560,866,1
1562,130,1
1563,922,1
1564,888,1
1566,317,1
1568,700,1
1569,764,1
1570,535,1
1573,670,1
1575,22,1
1576,893,1
1577,624,1
1578,106,1
1579,565,1
1580,841,1
1581,586,1
1582,981,1
1583,944,1
1584,89,1
1585,184,1
1586,786,1
1587,952,1
1589,322,1
1594,412,1
1596,392,1
1597,340,1
1598,454,1
1599,741,1
1600,306,1
1602,475,1
1603,483,1
1605,409,1
1607,555,1
1608,405,1
1609,793,1
1610,548,1
1611,803,1
1612,965,1
1614,731,1
1616,269,1
1617,616,1
1620,155,1
1621,621,1
1622,882,1
1623,778,1
1624,26,1
1625,134,1
1626,812,1
1627,248,1
1629,717,1
1630,660,1
1631,234,1
1632,464,1
1633,916,1
1634,999,1
1635,431,1
1636,779,1
1637,827,1
1638,199,1
1639,481,1
1640,526,1
1645,150,1
1646,284,1
1647,873,1
1648,895,1
1649,433,1
1650,117,1
1651,752,1
1652,138,1
1653,607,1
1654,449,1
1657,137,1
1660,66,1
1662,394,1
1663,447,1
1664,62,1
1665,257,1
1666,212,1
1668,662,1
1670,967,1
1671,984,1
1672,552,1
1674,34,1
1675,534,1
1676,966,1
1677,743,1
1679,820,1
1680,497,1
1681,525,1
1682,262,1
1684,61,1
1685,70,1
1686,457,1
1689,596,1
1690,53,1
1691,564,1
1692,661,1
1693,924,1
1694,800,1
1695,48,1
1696,161,1
1698,329,1
1701,749,1
1702,874,1
1704,119,1
1705,413,1
1706,84,1
1708,114,1
1712,440,1
1713,273,1
1714,928,1
1717,851,1
1718,368,1
1719,310,1
1720,5,1
1721,9,1
1722,428,1
1727,402,1
1728,116,1
1729,524,1
1730,912,1
1731,352,1
1732,118,1
1733,796,1
1735,677,1
1738,884,1
1741,672,1
1746,370,1
1748,419,1
1749,658,1
1750,435,1
1751,654,1
1752,324,1
1753,542,1
1754,318,1
1755,267,1
1756,707,1
1757,646,1
1758,181,1
1760,129,1
1761,10,1
1762,79,1
1763,425,1
1765,578,1
1766,289,1
1767,195,1
1768,156,1
1771,244,1
1772,853,1
1773,410,1
1774,958,1
1775,558,1
1776,653,1
1777,140,1
1778,612,1
1779,701,1
1780,325,1
1781,514,1
1782,136,1
1784,554,1
1785,19,1
1786,589,1
1787,725,1
1788,858,1
1789,330,1
1790,309,1
1794,361,1
1795,627,1
1796,983,1
1797,577,1
1798,629,1
1799,833,1
1800,75,1
1801,681,1
1802,6,1
1804,923,1
1805,102,1
1806,427,1
1808,970,1
1814,59,1
1815,366,1
1816,975,1
1817,25,1
1818,432,1
1819,737,1
1821,756,1
1822,641,1
1823,249,1
1824,788,1
1825,98,1
1827,404,1
1828,135,1
1829,396,1
1830,530,1
1831,406,1
1832,319,1
1833,971,1
1834,302,1
1835,230,1
1837,651,1
1838,557,1
1839,989,1
1840,795,1
1841,274,1
1843,620,1
1844,925,1
1847,417,1
1849,879,1
1851,210,1
1852,655,1
1854,994,1
1855,186,1
1856,348,1
1857,768,1
1858,821,1
1859,279,1
1860,276,1
1861,891,1
1862,242,1
1863,153,1
1864,798,1
1865,252,1
1866,398,1
1868,261,1
1869,407,1
1871,955,1
1874,805,1
1875,359,1
1876,238,1
1878,850,1
1880,698,1
1881,574,1
1882,15,1
1883,224,1
1884,187,1
1885,293,1
1888,95,1
1889,504,1
1890,378,1
1891,926,1
1892,781,1
1893,960,1
1895,78,1
1896,711,1
1897,942,1
1898,738,1
1900,517,1
1901,918,1
1903,791,1
1904,103,1
1906,382,1
1908,332,1
1909,972,1
1911,832,1
1914,240,1
1915,939,1
1917,239,1
1918,934,1
1920,600,1
1921,864,1
1922,316,1
1925,705,1
1926,539,1
1927,932,1
1928,997,1
1929,258,1
1930,978,1
1932,460,1
1933,458,1
1934,529,1
1936,401,1
1938,4,1
1939,782,1
1941,522,1
1943,377,1
1944,532,1
1945,251,1
1946,146,1
1947,438,1
1949,20,1
1950,825,1
1952,73,1
1953,323,1
1954,313,1
1957,131,1
1958,631,1
1961,943,1
1962,656,1
1964,875,1
1965,487,1
1966,973,1
1967,213,1
1969,770,1
1970,344,1
1973,444,1
1974,211,1
1976,399,1
1977,783,1
1978,424,1
1979,644,1
1982,469,1
1983,484,1
1985,840,1
1986,311,1
1988,640,1
1989,107,1
1991,494,1
1992,169,1
1994,533,1
1995,625,1
1996,354,1
1997,777,1
1998,657,1
2000,730,1
2001,682,1
2006,45,1
2007,630,1
2008,82,1
2009,615,1
2010,769,1
2011,432,1
2012,386,1
2013,269,1
2015,949,1
2016,620,1
2017,778,1
2018,134,1
2019,54,1
2020,293,1
2021,98,1
2022,666,1
2024,291,1
2025,560,1
2027,817,1
2028,382,1
2029,889,1
2030,31,1
2031,794,1
2032,598,1
2033,175,1
2034,984,1
2035,744,1
2036,330,1
2037,142,1
2038,392,1
2039,853,1
2042,429,1
2043,280,1
2045,706,1
2046,383,1
2048,205,1
2049,22,1
2051,102,1
2053,417,1
2054,787,1
2055,336,1
2056,624,1
2057,420,1
2058,38,1
2059,316,1
2060,575,1
2061,263,1
2062,832,1
2063,345,1
2064,265,1
2066,641,1
2067,532,1
2069,465,1
2070,811,1
2071,933,1
2072,829,1
2073,914,1
2075,153,1
2076,194,1
2077,500,1
2078,608,1
2079,934,1
2080,856,1
2081,942,1
2082,138,1
2084,37,1
2086,495,1
2087,912,1
2088,972,1
2089,325,1
2090,207,1
2091,94,1
2092,428,1
2094,351,1
2095,105,1
2096,746,1
2097,657,1
2098,512,1
2099,360,1
2102,662,1
2104,910,1
2105,773,1
2106,651,1
2107,788,1
2108,73,1
2109,124,1
2110,41,1
2111,10,1
2112,692,1
2113,763,1
2114,765,1
2116,326,1
2117,333,1
2118,667,1
2119,548,1
2120,72,1
2121,574,1
2122,586,1
2123,570,1
2125,520,1
2127,208,1
2128,202,1
2129,354,1
2130,700,1
2132,553,1
2133,825,1
2134,529,1
2135,629,1
2136,165,1
2137,583,1
2138,531,1
2143,328,1
2144,874,1
2145,399,1
2146,998,1
2148,519,1
2149,152,1
2150,174,1
2153,274,1
2154,260,1
2155,652,1
2157,596,1
2158,804,1
2159,389,1
2161,339,1
2162,458,1
2163,147,1
2164,759,1
2165,800,1
2166,209,1
2167,923,1
2168,799,1
2169,873,1
2170,181,1
2171,154,1
2172,621,1
2173,522,1
2174,169,1
2175,118,1
2176,931,1
2178,192,1
2179,846,1
2180,87,1
2181,133,1
2182,116,1
2183,371,1
2184,813,1
2185,440,1
2186,487,1
2187,953,1
2188,451,1
2189,932,1
2190,254,1
2191,285,1
2194,236,1
2197,818,1
2198,340,1
2199,150,1
2200,989,1
2201,186,1
2203,977,1
2204,405,1
2205,64,1
2206,584,1
2207,647,1
2208,716,1
2209,926,1
2210,875,1
2212,435,1
2213,814,1
2214,19,1
2216,248,1
2217,594,1
2218,638,1
2219,526,1
2220,675,1
2224,757,1
2225,188,1
2226,148,1
2227,476,1
2228,379,1
2230,99,1
2232,511,1
2234,23,1
2235,796,1
2236,164,1
2239,986,1
2240,434,1
2242,92,1
2243,384,1
2244,112,1
2246,819,1
2248,332,1
2250,711,1
2251,991,1
2252,390,1
2253,878,1
2254,764,1
2255,233,1
2256,513,1
2257,879,1
2259,882,1
2260,938,1
2261,158,1
2263,404,1
2266,627,1
2268,632,1
2269,398,1
2270,190,1
2271,540,1
2272,261,1
2273,74,1
2274,297,1
2275,887,1
2276,517,1
2278,958,1
2279,762,1
2280,967,1
2282,965,1
2284,106,1
2285,460,1
2286,484,1
2287,16,1
2289,727,1
2290,712,1
2291,650,1
2292,680,1
2293,622,1
2294,828,1
2295,241,1
2296,84,1
2297,547,1
2298,26,1
2299,777,1
2302,660,1
2303,58,1
2305,299,1
2306,376,1
2308,869,1
2311,899,1
2312,600,1
2313,552,1
2314,786,1
2316,422,1
2317,821,1
2318,450,1
2319,197,1
2322,703,1
2323,433,1
2324,859,1
2325,431,1
2326,1,1
2327,597,1
2329,947,1
2330,705,1
2331,525,1
2332,694,1
2333,753,1
2334,276,1
2335,8,1
2336,734,1
2338,7,1
2339,416,1
2340,728,1
2342,4,1
2343,497,1
2344,244,1
2345,140,1
2346,687,1
2347,27,1
2348,886,1
2350,987,1
2353,216,1
2354,684,1
2356,346,1
2357,743,1
2358,971,1
2360,49,1
2361,639,1
2362,599,1
2363,156,1
2364,683,1
2365,337,1
2366,352,1
2367,220,1
2369,32,1
2370,770,1
2371,369,1
2372,489,1
2373,113,1
2374,491,1
2375,401,1
2376,789,1
2377,943,1
2378,985,1
2379,15,1
2380,206,1
2381,663,1
2383,249,1
2384,311,1
2385,377,1
2386,243,1
2387,473,1
2388,85,1
2389,137,1
2390,693,1
2391,67,1
2393,881,1
2394,614,1
2395,415,1
2396,726,1
2397,805,1
2398,310,1
2399,559,1
2400,546,1
2402,409,1
2403,160,1
2405,35,1
2406,281,1
2407,719,1
2408,702,1
2409,688,1
2410,300,1
2411,725,1
2414,496,1
2415,707,1
2417,995,1
2418,184,1
2419,107,1
2422,860,1
2423,77,1
2424,842,1
2426,568,1
2427,5,1
2428,62,1
2429,925,1
2430,720,1
2431,745,1
2432,733,1
2434,318,1
2436,402,1
2437,224,1
2438,756,1
2439,121,1
2440,1000,1
2441,234,1
2442,145,1
2443,410,1
2444,334,1
2445,231,1
2446,406,1
2447,542,1
2448,195,1
2449,710,1
2450,658,1
2451,795,1
2453,161,1
2454,68,1
2455,108,1
2458,257,1
2459,964,1
2460,966,1
2461,533,1
2463,891,1
2464,543,1
2465,141,1
2466,850,1
2467,374,1
2468,867,1
2469,78,1
2470,677,1
2471,970,1
2472,643,1
2474,56,1
2476,898,1
2477,483,1
2478,793,1
2479,75,1
2480,177,1
2481,844,1
2485,841,1
2486,288,1
2487,308,1
2488,803,1
2492,427,1
2493,282,1
2494,479,1
2496,425,1
2498,34,1
2500,915,1
2501,502,1
2502,927,1
2503,928,1
2505,287,1
2506,589,1
2507,270,1
2508,228,1
2509,962,1
2510,155,1
2511,994,1
2512,642,1
2513,645,1
2514,774,1
2517,444,1
2519,537,1
2521,387,1
2524,480,1
2525,538,1
2527,407,1
2529,456,1
2530,810,1
2531,252,1
2532,71,1
2533,884,1
2534,669,1
2535,535,1
2536,611,1
2538,839,1
2539,731,1
2540,305,1
2541,659,1
2543,20,1
2544,528,1
2545,918,1
2546,722,1
2548,558,1
2549,279,1
2550,474,1
2551,394,1
2553,366,1
2555,604,1
2556,730,1
2557,426,1
2558,779,1
2559,353,1
2561,61,1
2562,978,1
2563,131,1
2564,53,1
2565,715,1
2566,807,1
2567,100,1
2568,492,1
2569,171,1
2572,397,1
2573,361,1
2574,268,1
2575,679,1
2577,690,1
2578,587,1
2579,60,1
2580,516,1
2582,625,1
2584,772,1
2586,42,1
2587,89,1
2588,393,1
2589,185,1
2590,461,1
2591,6,1
2592,247,1
2595,178,1
2596,997,1
2597,187,1
2598,239,1
2601,973,1
2602,895,1
2603,623,1
2604,144,1
2605,508,1
2607,50,1
2608,812,1
2610,2,1
2613,534,1
2614,981,1
2616,831,1
2617,852,1
2618,368,1
2619,577,1
2621,173,1
2622,378,1
2623,569,1
2625,413,1
2626,319,1
2627,701,1
2628,676,1
2629,936,1
2630,561,1
2631,824,1
2632,826,1
2633,983,1
2637,423,1
2638,490,1
2639,454,1
2641,424,1
2642,930,1
2644,618,1
2645,69,1
2649,784,1
2650,888,1
2651,191,1
2652,555,1
2653,356,1
2654,637,1
2655,182,1
2656,780,1
2657,672,1
2658,955,1
2659,359,1
2660,771,1
2663,834,1
2664,862,1
2665,272,1
2666,704,1
2667,920,1
2668,362,1
2670,322,1
2671,929,1
2672,514,1
2673,833,1
2674,851,1
2675,536,1
2676,653,1
2677,211,1
2678,494,1
2680,919,1
2681,975,1
2682,266,1
2684,565,1
2685,631,1
2687,864,1
2688,556,1
2690,907,1
2691,151,1
2692,781,1
2693,613,1
2695,741,1
2696,411,1
2697,941,1
2700,602,1
2701,370,1
2703,836,1
2704,945,1
2705,306,1
2706,221,1
2708,674,1
2710,167,1
2711,475,1
2712,126,1
2714,438,1
2715,740,1
2717,469,1
2718,752,1
2719,791,1
2720,557,1
2721,329,1
2724,956,1
2725,114,1
2726,255,1
2727,213,1
2729,136,1
2730,267,1
2731,554,1
2733,937,1
2734,718,1
2735,749,1
2736,816,1
2737,564,1
2738,960,1
2739,670,1
2741,210,1
2743,57,1
2744,612,1
2745,125,1
2746,646,1
2747,840,1
2749,344,1
2750,55,1
2751,278,1
2753,530,1
2754,890,1
2755,262,1
2757,189,1
2759,302,1
2760,304,1
2761,295,1
2762,290,1
2764,758,1
2765,119,1
2766,785,1
2767,948,1
2771,563,1
2773,768,1
2774,798,1
2777,610,1
2779,903,1
2783,372,1
2784,219,1
2785,877,1
2786,640,1
2787,857,1
2788,893,1
2790,421,1
2791,607,1
2793,644,1
2795,993,1
2798,380,1
2799,698,1
2800,238,1
2801,251,1
2802,227,1
2803,797,1
2806,916,1
2807,782,1
2808,691,1
2809,849,1
2810,97,1
2811,904,1
2812,635,1
2813,924,1
2814,801,1
2815,999,1
2816,96,1
2818,193,1
2820,66,1
2821,95,1
2823,242,1
2825,375,1
2826,419,1
2827,135,1
2828,163,1
2829,212,1
2830,335,1
2831,199,1
2832,992,1
2834,616,1
2835,952,1
2836,143,1
2837,441,1
2839,447,1
2840,751,1
2842,883,1
2843,717,1
2844,88,1
2846,381,1
2847,412,1
2849,129,1
2851,855,1
2852,408,1
2853,661,1
2854,103,1
2855,130,1
2856,331,1
2857,312,1
2859,968,1
2860,246,1
2861,944,1
2862,481,1
2863,320,1
2864,656,1
2865,324,1
2866,510,1
2867,48,1
2870,990,1
2871,737,1
2872,25,1
2873,21,1
2874,159,1
2875,273,1
2876,348,1
2877,603,1
2878,922,1
2879,827,1
2880,59,1
2881,567,1
2885,296,1
2887,509,1
2890,323,1
2891,309,1
2893,315,1
2895,617,1
2896,792,1
2897,823,1
2898,117,1
2899,950,1
2900,464,1
2901,179,1
2902,367,1
2903,505,1
2904,51,1
2905,258,1
2906,939,1
2907,541,1
2908,250,1
2909,498,1
2910,33,1
2911,198,1
2912,317,1
2915,581,1
2916,654,1
2917,229,1
2918,539,1
2919,63,1
2920,872,1
2923,14,1
2925,897,1
2926,358,1
2927,463,1
2928,201,1
2929,436,1
2930,396,1
2931,678,1
2932,9,1
2933,673,1
2934,649,1
2935,506,1
2936,284,1
2937,909,1
2938,86,1
2939,894,1
2942,455,1
2943,571,1
2948,240,1
2950,230,1
2951,738,1
2952,303,1
2953,655,1
2955,338,1
2956,578,1
2959,940,1
2960,128,1
2963,783,1
2965,36,1
2966,866,1
2968,648,1
2970,449,1
2971,858,1
2972,327,1
2973,313,1
2974,146,1
2975,544,1
2976,809,1
2977,572,1
2978,79,1
2979,70,1
2980,905,1
2982,736,1
2984,18,1
2985,524,1
2986,549,1
2987,349,1
2988,681,1
2989,457,1
2990,820,1
2991,289,1
2992,466,1
2993,462,1
2994,30,1
2995,341,1
2996,225,1
3000,504,1
3001,987,1
3002,243,1
3004,933,1
3005,994,1
3006,221,1
3007,240,1
3008,522,1
3009,638,1
3010,950,1
3013,376,1
3014,780,1
3017,451,1
3018,703,1
3019,667,1
3023,625,1
3024,415,1
3025,539,1
3026,820,1
3027,526,1
3028,206,1
3030,730,1
3031,639,1
3032,624,1
3033,642,1
3034,884,1
3036,117,1
3038,99,1
3039,691,1
3040,821,1
3041,572,1
3043,428,1
3044,643,1
3045,922,1
3046,953,1
3047,648,1
3049,972,1
3050,737,1
3051,536,1
3052,794,1
3053,315,1
3054,549,1
3055,519,1
3056,281,1
3057,422,1
3059,297,1
3060,250,1
3061,227,1
3063,688,1
3064,258,1
3068,712,1
3071,955,1
3072,770,1
3073,475,1
3074,997,1
3075,287,1
3076,45,1
3077,354,1
3078,782,1
3079,375,1
3080,266,1
3082,795,1
3083,138,1
3084,611,1
3085,502,1
3086,528,1
3088,617,1
3089,956,1
3090,904,1
3092,509,1
3093,105,1
3094,392,1
3097,791,1
3099,621,1
3100,462,1
3101,356,1
3103,707,1
3104,420,1
3107,973,1
3109,925,1
3112,744,1
3113,31,1
3114,849,1
3115,682,1
3116,920,1
3118,481,1
3119,49,1
3120,211,1
3121,135,1
3122,924,1
3123,773,1
3124,330,1
3125,401,1
3126,274,1
3127,520,1
3128,824,1
3129,438,1
3130,368,1
3132,19,1
3134,66,1
3135,89,1
3136,710,1
3137,569,1
3138,155,1
3141,975,1
3142,851,1
3143,246,1
3144,167,1
3145,175,1
3146,759,1
3147,18,1
3148,490,1
3149,360,1
3151,333,1
3152,862,1
3153,412,1
3154,26,1
3155,940,1
3156,27,1
3157,888,1
3159,793,1
3160,160,1
3161,473,1
3163,79,1
3164,463,1
3166,113,1
3167,6,1
3168,191,1
3170,524,1
3171,57,1
3172,986,1
3173,679,1
3175,656,1
3176,124,1
3177,393,1
3178,284,1
3179,990,1
3181,137,1
3182,753,1
3183,476,1
3185,856,1
3186,285,1
3187,909,1
3188,151,1
3189,346,1
3190,15,1
3191,926,1
3192,9,1
3193,807,1
3195,263,1
3196,186,1
3198,801,1
3199,16,1
3201,785,1
3202,484,1
3203,86,1
3204,577,1
3205,661,1
3206,20,1
3207,728,1
3208,587,1
3212,323,1
3213,317,1
3214,213,1
3215,229,1
3216,182,1
3217,280,1
3218,358,1
3219,33,1
3220,537,1
3221,622,1
3222,187,1
3224,797,1
3225,252,1
3226,516,1
3227,21,1
3228,497,1
3229,92,1
3231,489,1
3232,765,1
3234,398,1
3235,937,1
3236,435,1
3237,397,1
3238,777,1
3239,834,1
3240,318,1
3241,934,1
3242,37,1
3243,114,1
3244,993,1
3247,426,1
3248,50,1
3249,944,1
3250,684,1
3251,441,1
3252,555,1
3253,718,1
3254,981,1
3255,883,1
3256,255,1
3257,156,1
3258,787,1
3259,421,1
3260,381,1
3261,597,1
3262,768,1
3263,320,1
3265,267,1
3266,719,1
3267,169,1
3268,62,1
3269,632,1
3270,394,1
3271,941,1
3272,599,1
3274,547,1
3275,826,1
3276,419,1
3277,991,1
3278,945,1
3279,458,1
3280,890,1
3282,262,1
3283,23,1
3285,199,1
3287,882,1
3288,483,1
3289,106,1
3291,948,1
3292,496,1
3293,829,1
3294,669,1
3295,627,1
3296,345,1
3297,570,1
3298,310,1
3299,859,1
3301,316,1
3303,433,1
3304,560,1
3305,313,1
3307,112,1
3310,249,1
3311,359,1
3312,952,1
3313,195,1
3314,810,1
3315,8,1
3316,184,1
3317,71,1
3319,652,1
3320,660,1
3321,778,1
3322,152,1
3323,329,1
3324,932,1
3326,348,1
3327,59,1
3328,960,1
3329,662,1
3331,886,1
3332,771,1
3333,265,1
3335,752,1
3336,637,1
3337,75,1
3338,575,1
3339,7,1
3340,88,1
3341,701,1
3343,289,1
3344,891,1
3345,942,1
3346,144,1
3347,683,1
3348,651,1
3350,873,1
3352,254,1
3353,823,1
3354,867,1
3356,529,1
3357,786,1
3358,339,1
3360,173,1
3361,304,1
3362,875,1
3363,692,1
3364,734,1
3366,399,1
3367,571,1
3368,711,1
3370,745,1
3372,10,1
3374,840,1
3375,584,1
3376,54,1
3377,319,1
3379,897,1
3381,107,1
3382,879,1
3383,603,1
3384,604,1
3385,800,1
3386,97,1
3387,335,1
3388,440,1
3389,230,1
3391,209,1
3392,676,1
3393,185,1
3394,338,1
3395,814,1
3396,929,1
3397,559,1
3398,133,1
3399,56,1
3400,675,1
3401,887,1
3402,535,1
3403,131,1
3404,978,1
3405,53,1
3406,839,1
3407,95,1
3408,189,1
3410,918,1
3411,410,1
3412,998,1
3413,270,1
3414,889,1
3417,382,1
3418,557,1
3419,659,1
3422,236,1
3423,504,1
3427,546,1
3428,866,1
3429,379,1
3435,565,1
3436,705,1
3438,568,1
3439,758,1
3440,145,1
3441,220,1
3442,337,1
3443,409,1
3444,423,1
3445,850,1
3446,781,1
3447,514,1
3448,1000,1
3449,96,1
3450,487,1
3451,725,1
3452,306,1
3454,733,1
3457,629,1
3458,720,1
3460,816,1
3462,658,1
3464,146,1
3465,201,1
3466,533,1
3469,798,1
3470,607,1
3471,706,1
3472,194,1
3473,325,1
3475,282,1
3476,63,1
3477,455,1
3478,512,1
3479,534,1
3481,811,1
3482,818,1
3483,366,1
3486,510,1
3487,958,1
3488,915,1
3489,77,1
3490,805,1
3491,779,1
3492,118,1
3493,556,1
3495,878,1
3496,763,1
3497,198,1
3498,500,1
3501,898,1
3502,544,1
3503,989,1
3504,276,1
3506,140,1
3507,936,1
3508,693,1
3509,369,1
3510,832,1
3511,905,1
3512,147,1
3513,757,1
3514,741,1
3515,774,1
3516,61,1
3517,650,1
3518,233,1
3519,740,1
3520,943,1
3521,949,1
3522,328,1
3524,583,1
3525,158,1
3526,517,1
3527,179,1
3528,362,1
3529,293,1
3530,457,1
3531,424,1
3532,444,1
3533,69,1
3534,205,1
3535,844,1
3536,788,1
3538,334,1
3539,344,1
3540,73,1
3541,248,1
3542,67,1
3544,216,1
3545,406,1
3546,563,1
3547,465,1
3549,207,1
3550,678,1
3553,927,1
3554,153,1
3557,340,1
3559,374,1
3561,841,1
3563,895,1
3565,34,1
3566,35,1
3567,612,1
3571,912,1
3572,389,1
3573,210,1
3574,928,1
3575,541,1
3577,647,1
3578,756,1
3579,64,1
3580,116,1
3581,899,1
3583,303,1
3584,825,1
3585,985,1
3586,60,1
3587,55,1
3588,291,1
3589,228,1
3590,234,1
3592,108,1
3593,738,1
3594,623,1
3595,498,1
3596,51,1
3597,434,1
3598,202,1
3599,247,1
3602,789,1
3603,999,1
3604,402,1
3606,177,1
3608,618,1
3610,416,1
3614,159,1
3615,672,1
3616,492,1
3618,812,1
3619,857,1
3622,58,1
3624,311,1
3625,454,1
3627,288,1
3628,279,1
3629,853,1
3630,968,1
3631,491,1
3632,427,1
3633,992,1
3634,474,1
3636,995,1
3637,269,1
3638,916,1
3639,165,1
3640,367,1
3643,447,1
3647,704,1
3649,977,1
3650,804,1
3651,128,1
3652,846,1
3653,32,1
3655,641,1
3656,174,1
3658,894,1
3659,72,1
3660,305,1
3661,687,1
3662,663,1
3663,154,1
3664,864,1
3665,690,1
3667,327,1
3668,531,1
3669,644,1
3670,148,1
3671,784,1
3673,877,1
3675,82,1
3676,614,1
3677,126,1
3678,893,1
3679,567,1
3680,827,1
3681,506,1
3683,700,1
3684,171,1
3685,466,1
3686,295,1
3688,5,1
3690,764,1
3691,833,1
3692,41,1
3694,860,1
3695,564,1
3696,134,1
3697,602,1
3699,548,1
3700,532,1
3702,429,1
3704,600,1
3705,578,1
3706,589,1
3708,505,1
3709,411,1
3710,164,1
3711,390,1
3712,869,1
3713,94,1
3714,142,1
3716,831,1
3717,670,1
3718,278,1
3719,495,1
3720,225,1
3721,558,1
3722,251,1
3723,680,1
3724,268,1
3725,530,1
3726,907,1
3728,84,1
3729,598,1
3730,431,1
3731,404,1
3733,407,1
3734,828,1
3736,553,1
3737,386,1
3738,984,1
3739,736,1
3740,87,1
3741,326,1
3742,914,1
3743,809,1
3745,193,1
3746,370,1
3747,383,1
3748,299,1
3749,190,1
3750,461,1
3752,630,1
3753,646,1
3754,635,1
3755,208,1
3757,494,1
3758,749,1
3759,100,1
3761,224,1
3762,372,1
3764,239,1
3766,460,1
3768,923,1
3769,125,1
3770,387,1
3771,141,1
3772,349,1
3773,962,1
3774,102,1
3775,302,1
3776,717,1
3777,631,1
3778,36,1
3779,508,1
3780,596,1
3781,939,1
3782,966,1
3783,722,1
3784,425,1
3785,324,1
3789,143,1
3790,336,1
3791,479,1
3792,30,1
3793,677,1
3796,610,1
3798,858,1
3799,772,1
3803,971,1
3804,371,1
3805,746,1
3806,947,1
3807,74,1
3808,68,1
3809,48,1
3810,762,1
3813,645,1
3814,231,1
3815,272,1
3816,38,1
3819,197,1
3821,273,1
3824,965,1
3825,1,1
3827,694,1
3828,525,1
3829,608,1
3831,813,1
3832,874,1
3833,130,1
3834,78,1
3835,842,1
3836,290,1
3837,2,1
3838,769,1
3839,103,1
3840,384,1
3841,261,1
3842,408,1
3843,308,1
3845,731,1
3846,930,1
3849,615,1
3851,715,1
3852,649,1
3853,574,1
3854,513,1
3857,219,1
3858,698,1
3859,150,1
3860,964,1
3862,666,1
3863,554,1
3864,653,1
3865,543,1
3866,561,1
3868,751,1
3869,341,1
3873,931,1
3874,542,1
3875,378,1
3876,119,1
3877,983,1
3878,743,1
3879,910,1
3880,640,1
3881,855,1
3882,449,1
3884,881,1
3885,417,1
3886,817,1
3887,970,1
3889,332,1
3892,188,1
3893,673,1
3894,353,1
3895,456,1
3896,967,1
3897,540,1
3898,657,1
3899,803,1
3902,792,1
3903,919,1
3904,377,1
3905,674,1
3906,716,1
3907,586,1
3908,300,1
3909,309,1
3911,464,1
3912,331,1
3915,594,1
3916,4,1
3918,257,1
3919,836,1
3920,655,1
3921,938,1
3923,351,1
3925,212,1
3927,352,1
3928,405,1
3929,480,1
3930,783,1
3931,42,1
3932,241,1
3935,22,1
3936,581,1
3937,727,1
3938,511,1
3939,244,1
3940,296,1
3941,238,1
3942,70,1
3943,361,1
3944,432,1
3946,380,1
3947,436,1
3948,616,1
3949,312,1
3950,654,1
3951,14,1
3952,25,1
3953,681,1
3954,322,1
3955,121,1
3957,872,1
3958,163,1
3959,469,1
3960,726,1
3961,136,1
3962,620,1
3963,613,1
3967,396,1
3969,242,1
3971,85,1
3972,538,1
3973,852,1
3974,98,1
3977,260,1
3978,903,1
3979,799,1
3981,796,1
3983,181,1
3985,552,1
3986,178,1
3987,129,1
3990,819,1
3992,161,1
3993,702,1
3994,413,1
3997,450,1
3998,192,1
4001,594,1
4004,894,1
4005,623,1
4006,639,1
4008,733,1
4009,23,1
4010,421,1
4011,61,1
4012,975,1
4013,424,1
4014,803,1
4015,918,1
4016,209,1
4018,530,1
4019,269,1
4020,731,1
4021,95,1
4024,548,1
4025,712,1
4026,451,1
4028,857,1
4030,927,1
4031,877,1
4032,948,1
4034,945,1
4035,362,1
4037,631,1
4038,85,1
4040,390,1
4041,614,1
4042,402,1
4043,409,1
4045,97,1
4046,449,1
4047,212,1
4048,407,1
4049,985,1
4050,2,1
4051,725,1
4054,531,1
4055,785,1
4056,415,1
4058,749,1
4059,57,1
4060,586,1
4061,956,1
4062,466,1
4063,84,1
4064,504,1
4065,977,1
4066,329,1
4069,198,1
4070,86,1
4071,598,1
4072,410,1
4073,534,1
4074,903,1
4076,786,1
4077,936,1
4078,315,1
4079,994,1
4080,568,1
4081,26,1
4082,427,1
4084,692,1
4085,604,1
4086,540,1
4087,869,1
4088,978,1
4089,368,1
4090,539,1
4091,290,1
4092,932,1
4093,77,1
4094,27,1
4095,74,1
4097,728,1
4099,587,1
4100,675,1
4101,643,1
4102,832,1
4103,429,1
4104,741,1
4105,213,1
4106,254,1
4108,272,1
4109,169,1
4110,774,1
4111,322,1
4112,559,1
4113,255,1
4114,758,1
4115,670,1
4116,289,1
4117,140,1
4118,68,1
4119,746,1
4121,575,1
4122,672,1
4123,727,1
4125,268,1
4126,242,1
4127,799,1
4128,378,1
4129,276,1
4130,895,1
4132,411,1
4133,625,1
4135,49,1
4136,570,1
4137,241,1
4138,179,1
4140,458,1
4141,454,1
4142,304,1
4143,704,1
4144,544,1
4146,807,1
4147,508,1
4148,320,1
4149,740,1
4150,759,1
4151,124,1
4152,73,1
4153,295,1
4154,600,1
4155,972,1
4156,691,1
4158,694,1
4159,934,1
4160,158,1
4162,533,1
4163,505,1
4164,247,1
4166,337,1
4167,909,1
4170,637,1
4171,949,1
4172,236,1
4173,89,1
4174,243,1
4175,494,1
4176,130,1
4177,722,1
4178,638,1
4179,207,1
4180,147,1
4181,118,1
4182,233,1
4183,313,1
4185,866,1
4186,657,1
4187,536,1
4188,717,1
4189,547,1
4190,647,1
4192,506,1
4193,54,1
4194,899,1
4195,152,1
4196,840,1
4197,88,1
4201,489,1
4202,360,1
4203,646,1
4205,816,1
4207,662,1
4208,651,1
4209,958,1
4211,291,1
4212,851,1
4213,524,1
4214,768,1
4215,30,1
4216,422,1
4218,87,1
4219,369,1
4220,719,1
4221,416,1
4222,820,1
4223,265,1
4226,155,1
4228,462,1
4229,33,1
4230,874,1
4231,771,1
4232,440,1
4233,849,1
4234,14,1
4235,875,1
4236,608,1
4238,650,1
4240,103,1
4241,910,1
4242,106,1
4243,230,1
4244,346,1
4246,787,1
4247,986,1
4248,603,1
4249,22,1
4250,970,1
4251,765,1
4252,399,1
4253,465,1
4255,389,1
4256,480,1
4257,194,1
4258,154,1
4259,674,1
4260,939,1
4263,382,1
4264,999,1
4265,821,1
4266,220,1
4270,607,1
4271,326,1
4272,557,1
4274,888,1
4276,828,1
4277,737,1
4278,589,1
4279,661,1
4281,966,1
4282,374,1
4284,1,1
4285,942,1
4286,317,1
4287,35,1
4289,4,1
4290,227,1
4295,938,1
4296,384,1
4297,333,1
4299,825,1
4300,577,1
4301,15,1
4302,795,1
4303,469,1
4304,460,1
4305,797,1
4306,99,1
4307,553,1
4308,782,1
4312,379,1
4313,860,1
4314,394,1
4316,555,1
4317,143,1
4318,134,1
4319,53,1
4323,72,1
4324,773,1
4325,113,1
4326,624,1
4328,654,1
4331,239,1
4332,370,1
4333,914,1
4334,163,1
4335,5,1
4337,20,1
4338,267,1
4340,736,1
4341,572,1
4342,965,1
4343,336,1
4344,897,1
4345,66,1
4346,192,1
4347,656,1
4349,475,1
4351,543,1
4354,483,1
4357,819,1
4358,826,1
4360,867,1
4361,763,1
4363,9,1
4364,250,1
4365,107,1
4366,302,1
4367,335,1
4370,48,1
4371,610,1
4372,809,1
4373,31,1
4375,752,1
4376,284,1
4377,112,1
4378,436,1
4379,197,1
4380,561,1
4381,79,1
4382,178,1
4383,279,1
4384,583,1
4385,42,1
4386,435,1
4387,681,1
4388,516,1
4389,114,1
4390,60,1
4391,498,1
4392,567,1
4394,682,1
4397,285,1
4398,141,1
4399,455,1
4400,64,1
4401,778,1
4402,352,1
4404,990,1
4406,856,1
4407,105,1
4409,839,1
4410,726,1
4412,278,1
4413,181,1
4414,858,1
4416,783,1
4417,296,1
4418,635,1
4419,7,1
4420,526,1
4421,514,1
4422,831,1
4423,517,1
4424,964,1
4425,6,1
4426,361,1
4427,188,1
4428,244,1
4429,37,1
4430,273,1
4431,891,1
4433,327,1
4434,150,1
4435,968,1
4436,629,1
4437,512,1
4438,425,1
4440,137,1
4441,887,1
4442,883,1
4444,481,1
4445,953,1
4447,663,1
4448,995,1
4449,693,1
4450,444,1
4451,249,1
4454,962,1
4455,769,1
4459,817,1
4460,701,1
4461,202,1
4462,175,1
4463,491,1
4464,824,1
4465,720,1
4466,174,1
4467,45,1
4468,744,1
4470,75,1
4471,546,1
4472,211,1
4474,34,1
4475,630,1
4479,698,1
4480,984,1
4481,128,1
4482,387,1
4484,522,1
4485,309,1
4486,621,1
4487,98,1
4488,804,1
4489,738,1
4490,511,1
4495,967,1
4496,102,1
4497,879,1
4498,461,1
4499,156,1
4500,274,1
4501,165,1
4502,332,1
4503,69,1
4504,641,1
4505,554,1
4506,943,1
4507,502,1
4509,655,1
4511,121,1
4512,383,1
4513,658,1
4516,201,1
4517,348,1
4518,316,1
4520,380,1
4522,386,1
4523,710,1
4524,931,1
4525,745,1
4526,611,1
4529,228,1
4531,433,1
4533,167,1
4534,82,1
4536,893,1
4537,618,1
4538,303,1
4539,981,1
4540,924,1
4541,779,1
4542,231,1
4543,464,1
4544,886,1
4546,659,1
4547,792,1
4551,216,1
4553,438,1
4554,300,1
4555,796,1
4556,396,1
4558,305,1
4559,339,1
4560,324,1
4561,882,1
4563,50,1
4564,354,1
4566,801,1
4567,644,1
4568,262,1
4569,788,1
4570,997,1
4571,648,1
4573,62,1
4575,889,1
4576,757,1
4577,8,1
4578,884,1
4579,187,1
4581,599,1
4582,864,1
4583,366,1
4585,683,1
4586,441,1
4588,667,1
4589,898,1
4590,131,1
4591,872,1
4593,266,1
4594,349,1
4595,584,1
4596,653,1
4597,571,1
4599,677,1
4600,117,1
4601,926,1
4602,520,1
4603,702,1
4605,184,1
4606,950,1
4607,25,1
4608,535,1
4609,678,1
4610,164,1
4611,417,1
4612,805,1
4614,252,1
4615,206,1
4616,484,1
4618,151,1
4619,345,1
4621,992,1
4622,199,1
4626,688,1
4628,620,1
4630,987,1
4631,829,1
4632,687,1
4633,193,1
4634,63,1
4637,210,1
4638,356,1
4639,185,1
4641,810,1
4642,612,1
4644,434,1
4645,789,1
4646,549,1
4647,627,1
4648,392,1
4650,852,1
4651,952,1
4652,205,1
4653,947,1
4654,823,1
4655,919,1
4656,280,1
4657,813,1
4658,312,1
4659,234,1
4660,431,1
4661,246,1
4662,456,1
4664,447,1
4665,92,1
4666,842,1
4667,144,1
4668,353,1
4669,497,1
4670,764,1
4671,406,1
4672,652,1
4674,989,1
4676,955,1
4677,108,1
4678,221,1
4679,772,1
4680,393,1
4681,126,1
4683,476,1
4684,306,1
4686,408,1
4688,762,1
4690,136,1
4691,125,1
4692,537,1
4693,800,1
4694,138,1
4695,375,1
4699,10,1
4700,993,1
4701,597,1
4703,565,1
4705,834,1
4706,71,1
4707,660,1
4708,495,1
4710,32,1
4712,925,1
4713,119,1
4714,617,1
4715,707,1
4716,257,1
4718,780,1
4719,59,1
4720,841,1
4721,756,1
4722,706,1
4723,632,1
4724,525,1
4725,282,1
4726,862,1
4727,367,1
4728,929,1
4730,116,1
4731,941,1
4732,844,1
4733,920,1
4734,19,1
4735,907,1
4736,615,1
4737,397,1
4739,818,1
4740,358,1
4741,16,1
4743,791,1
4744,129,1
4745,146,1
4746,190,1
4747,334,1
4748,428,1
4749,563,1
4751,781,1
4753,224,1
4754,67,1
4755,855,1
4756,684,1
4757,794,1
4759,998,1
4760,287,1
4761,937,1
4762,325,1
4764,940,1
4765,36,1
4766,225,1
4767,281,1
4768,351,1
4769,905,1
4770,145,1
4771,323,1
4776,153,1
4777,904,1
4778,581,1
4780,578,1
4781,814,1
4782,161,1
4784,734,1
4785,922,1
4786,381,1
4788,51,1
4789,751,1
4791,18,1
4793,890,1
4794,622,1
4795,944,1
4796,38,1
4797,341,1
4798,96,1
4799,676,1
4800,532,1
4803,529,1
4804,142,1
4805,509,1
4806,182,1
4808,191,1
4809,743,1
4810,596,1
4811,473,1
4812,853,1
4813,208,1
4814,928,1
4815,541,1
4816,715,1
4817,812,1
4818,613,1
4819,55,1
4820,616,1
4822,519,1
4825,319,1
4826,311,1
4827,479,1
4828,912,1
4829,261,1
4834,308,1
4835,666,1
4839,784,1
4840,248,1
4841,873,1
4842,457,1
4843,711,1
4845,94,1
4846,260,1
4847,983,1
4848,915,1
4849,359,1
4850,878,1
4851,299,1
4852,371,1
4853,679,1
4854,960,1
4855,827,1
4856,528,1
4857,777,1
4858,811,1
4861,340,1
4863,270,1
4865,330,1
4866,159,1
4868,251,1
4869,716,1
4871,229,1
4872,690,1
4873,510,1
4875,1000,1
4876,645,1
4877,258,1
4878,798,1
4879,21,1
4880,401,1
4881,450,1
4885,189,1
4886,463,1
4887,432,1
4888,195,1
4889,496,1
4890,930,1
4891,542,1
4893,649,1
4894,850,1
4895,640,1
4896,338,1
4897,372,1
4898,971,1
4899,288,1
4900,973,1
4901,293,1
4902,398,1
4903,133,1
4905,297,1
4907,148,1
4910,328,1
4911,991,1
4912,846,1
4913,560,1
4914,916,1
4915,569,1
4916,219,1
4917,859,1
4920,405,1
4922,933,1
4924,669,1
4925,41,1
4926,770,1
4929,413,1
4930,793,1
4932,703,1
4933,376,1
4934,70,1
4936,331,1
4938,680,1
4939,492,1
4940,240,1
4942,318,1
4943,419,1
4944,160,1
4945,642,1
4946,500,1
4948,705,1
4951,171,1
4952,404,1
4953,552,1
4954,177,1
4955,718,1
4956,881,1
4958,602,1
4959,135,1
4960,263,1
4961,538,1
4962,238,1
4963,412,1
4964,173,1
4965,513,1
4970,426,1
4971,474,1
4972,730,1
4973,556,1
4975,420,1
4976,310,1
4977,574,1
4978,700,1
4980,753,1
4981,56,1
4982,58,1
4983,377,1
4986,78,1
4987,836,1
4988,487,1
4989,423,1
4990,344,1
4991,558,1
4993,100,1
4994,186,1
4995,673,1
4996,923,1
4998,833,1
4999,490,1
5000,564,1
5001,491,1
5002,782,1
5003,280,1
5004,710,1
5005,711,1
5007,589,1
5008,998,1
5009,224,1
5010,126,1
5011,537,1
5012,341,1
5013,42,1
5014,851,1
5015,128,1
5016,272,1
5017,121,1
5018,737,1
5019,30,1
5021,89,1
5022,886,1
5023,241,1
5025,801,1
5026,339,1
5027,337,1
5028,977,1
5030,756,1
5031,669,1
5032,424,1
5034,133,1
5035,5,1
5036,397,1
5037,899,1
5038,206,1
5039,945,1
5040,604,1
5041,662,1
5042,34,1
5044,96,1
5046,638,1
5047,389,1
5049,191,1
5050,733,1
5051,138,1
5053,700,1
5054,36,1
5055,310,1
5056,69,1
5057,640,1
5059,457,1
5060,422,1
5062,529,1
5063,548,1
5064,285,1
5065,100,1
5066,520,1
5067,177,1
5068,179,1
5069,768,1
5070,642,1
5071,549,1
5072,88,1
5075,809,1
5076,205,1
5077,182,1
5078,229,1
5079,693,1
5080,158,1
5081,676,1
5082,587,1
5083,779,1
5084,794,1
5087,291,1
5088,216,1
5091,458,1
5092,26,1
5093,425,1
5095,559,1
5096,428,1
5099,960,1
5100,367,1
5101,184,1
5102,810,1
5105,707,1
5106,396,1
5107,284,1
5108,509,1
5109,346,1
5111,937,1
5113,361,1
5114,504,1
5115,610,1
5116,746,1
5117,597,1
5118,862,1
5120,211,1
5121,377,1
5122,884,1
5123,131,1
5124,680,1
5126,320,1
5127,41,1
5129,406,1
5130,612,1
5131,891,1
5132,51,1
5135,252,1
5136,330,1
5137,966,1
5139,736,1
5140,943,1
5141,105,1
5142,197,1
5146,247,1
5147,565,1
5148,849,1
5149,799,1
5150,238,1
5153,538,1
5154,743,1
5156,297,1
5157,661,1
5158,541,1
5159,480,1
5160,852,1
5163,322,1
5164,375,1
5165,66,1
5166,571,1
5167,324,1
5168,55,1
5169,60,1
5170,201,1
5171,659,1
5172,949,1
5173,544,1
5175,683,1
5176,914,1
5178,648,1
5179,108,1
5180,618,1
5181,621,1
5183,267,1
5184,489,1
5185,859,1
5186,916,1
5188,372,1
5189,787,1
5192,61,1
5193,773,1
5195,231,1
5196,658,1
5197,57,1
5198,198,1
5199,268,1
5200,136,1
5201,705,1
5202,716,1
5203,295,1
5204,652,1
5205,383,1
5206,932,1
5207,262,1
5209,655,1
5210,473,1
5211,825,1
5212,303,1
5213,704,1
5215,382,1
5216,968,1
5217,569,1
5218,464,1
5221,208,1
5222,758,1
5223,839,1
5224,907,1
5226,938,1
5227,795,1
5228,54,1
5229,106,1
5231,547,1
5232,408,1
5234,481,1
5235,651,1
5236,740,1
5237,447,1
5238,522,1
5240,644,1
5242,771,1
5243,987,1
5244,413,1
5245,657,1
5247,487,1
5249,72,1
5250,102,1
5251,160,1
5252,311,1
5254,502,1
5255,236,1
5256,741,1
5257,263,1
5258,454,1
5259,220,1
5260,883,1
5261,715,1
5263,58,1
5264,144,1
5265,251,1
5266,793,1
5268,552,1
5269,944,1
5270,185,1
5271,288,1
5272,221,1
5273,598,1
5274,336,1
5275,995,1
5277,635,1
5278,933,1
5279,687,1
5281,533,1
5282,926,1
5283,627,1
5284,316,1
5285,890,1
5288,777,1
5289,152,1
5290,641,1
5291,691,1
5292,73,1
5293,202,1
5296,596,1
5298,560,1
5300,940,1
5301,174,1
5303,774,1
5304,484,1
5305,374,1
5307,751,1
5308,989,1
5309,692,1
5310,497,1
5311,690,1
5312,134,1
5313,728,1
5314,230,1
5315,553,1
5316,508,1
5317,415,1
5318,228,1
5319,701,1
5321,813,1
5322,78,1
5323,841,1
5324,772,1
5325,812,1
5327,821,1
5328,64,1
5329,616,1
5330,910,1
5331,836,1
5332,466,1
5334,970,1
5335,461,1
5336,86,1
5337,37,1
5338,681,1
5339,894,1
5340,145,1
5342,753,1
5345,21,1
5347,797,1
5349,278,1
5350,435,1
5352,450,1
5353,805,1
5354,332,1
5356,955,1
5358,702,1
5359,379,1
5360,255,1
5361,402,1
5364,431,1
5365,426,1
5366,540,1
5369,287,1
5370,534,1
5371,359,1
5373,394,1
5376,240,1
5377,674,1
5379,882,1
5383,647,1
5384,956,1
5386,212,1
5388,726,1
5389,872,1
5390,923,1
5391,207,1
5392,519,1
5393,479,1
5394,113,1
5395,500,1
5396,296,1
5397,546,1
5398,682,1
5399,417,1
5402,744,1
5405,762,1
5406,77,1
5407,673,1
5408,340,1
5410,199,1
5411,602,1
5412,368,1
5413,258,1
5414,999,1
5416,45,1
5418,274,1
5419,444,1
5420,722,1
5421,331,1
5422,290,1
5423,124,1
5425,362,1
5426,188,1
5429,915,1
5430,140,1
5431,319,1
5432,306,1
5433,877,1
5436,31,1
5437,928,1
5439,554,1
5440,897,1
5441,623,1
5442,420,1
5443,778,1
5444,209,1
5445,250,1
5446,953,1
5447,840,1
5448,434,1
5449,542,1
5451,785,1
5452,630,1
5453,244,1
5456,947,1
5457,27,1
5459,210,1
5460,532,1
5461,22,1
5462,826,1
5464,643,1
5465,103,1
5467,270,1
5468,978,1
5470,517,1
5472,719,1
5474,249,1
5475,248,1
5476,460,1
5479,345,1
5480,376,1
5482,814,1
5483,930,1
5485,513,1
5488,624,1
5489,163,1
5490,925,1
5491,620,1
5492,49,1
5493,804,1
5494,308,1
5495,749,1
5496,421,1
5499,991,1
5500,667,1
5501,984,1
5502,811,1
5504,818,1
5506,25,1
5508,867,1
5510,856,1
5511,164,1
5512,965,1
5513,731,1
5514,912,1
5515,798,1
5516,727,1
5518,309,1
5519,586,1
5521,563,1
5522,171,1
5523,663,1
5524,135,1
5525,941,1
5526,293,1
5527,427,1
5529,905,1
5530,613,1
5531,992,1
5532,670,1
5533,783,1
5534,7,1
5535,99,1
5536,717,1
5537,412,1
5539,853,1
5542,577,1
5543,173,1
5544,1000,1
5545,317,1
5546,718,1
5547,329,1
5548,333,1
5549,654,1
5550,56,1
5551,370,1
5553,817,1
5554,85,1
5555,156,1
5556,622,1
5557,48,1
5558,600,1
5559,254,1
5561,720,1
5564,985,1
5565,94,1
5566,730,1
5567,986,1
5568,8,1
5569,950,1
5570,568,1
5571,846,1
5572,432,1
5574,780,1
5575,456,1
5576,318,1
5577,511,1
5578,227,1
5579,300,1
5582,599,1
5583,161,1
5586,326,1
5587,118,1
5588,666,1
5589,788,1
5590,770,1
5591,50,1
5593,153,1
5597,386,1
5598,475,1
5599,543,1
5600,698,1
5601,990,1
5602,369,1
5603,243,1
5604,583,1
5606,187,1
5607,239,1
5609,972,1
5610,570,1
5611,525,1
5613,819,1
5614,650,1
5615,338,1
5616,167,1
5617,313,1
5618,679,1
5620,997,1
5621,494,1
5622,398,1
5623,807,1
5624,114,1
5625,299,1
5627,360,1
5628,649,1
5629,759,1
5630,922,1
5632,33,1
5634,18,1
5635,981,1
5638,800,1
5639,827,1
5640,578,1
5642,948,1
5643,927,1
5644,282,1
5646,611,1
5647,895,1
5648,632,1
5649,887,1
5650,407,1
5651,401,1
5652,831,1
5653,38,1
5654,936,1
5655,405,1
5657,1,1
5658,608,1
5659,803,1
5661,349,1
5662,789,1
5663,931,1
5664,539,1
5665,116,1
5666,233,1
5667,842,1
5672,786,1
5673,146,1
5675,97,1
5676,474,1
5678,315,1
5679,869,1
5680,607,1
5681,903,1
5682,98,1
5684,265,1
5686,165,1
5687,2,1
5688,351,1
5689,155,1
5690,20,1
5691,994,1
5692,964,1
5693,119,1
5694,438,1
5696,757,1
5698,637,1
5699,678,1
5700,857,1
5701,823,1
5702,186,1
5703,358,1
5704,476,1
5706,219,1
5707,526,1
5708,510,1
5710,625,1
5711,575,1
5713,584,1
5715,87,1
5716,269,1
5717,159,1
5718,833,1
5721,455,1
5723,59,1
5724,14,1
5725,844,1
5726,781,1
5727,462,1
5728,390,1
5729,436,1
5731,213,1
5732,614,1
5733,924,1
5735,564,1
5736,952,1
5737,557,1
5738,242,1
5739,327,1
5740,875,1
5741,419,1
5743,860,1
5744,791,1
5745,305,1
5746,889,1
5748,15,1
5749,514,1
5751,834,1
5753,898,1
5756,451,1
5757,393,1
5758,828,1
5759,645,1
5760,639,1
5761,409,1
5762,289,1
5763,323,1
5765,820,1
5766,617,1
5767,384,1
5769,107,1
5770,738,1
5771,112,1
5772,594,1
5774,181,1
5775,881,1
5776,304,1
5777,734,1
5778,411,1
5779,125,1
5781,855,1
5783,279,1
5784,763,1
5785,257,1
5786,189,1
5790,615,1
5791,19,1
5792,335,1
5793,68,1
5794,325,1
5795,151,1
5796,745,1
5798,192,1
5799,824,1
5800,147,1
5801,366,1
5802,531,1
5803,505,1
5805,684,1
5806,561,1
5807,9,1
5808,312,1
5809,920,1
5811,353,1
5812,234,1
5815,919,1
5816,866,1
5817,629,1
5818,423,1
5819,677,1
5820,130,1
5821,410,1
5822,646,1
5823,725,1
5824,35,1
5825,75,1
5826,440,1
5828,656,1
5829,449,1
5831,381,1
5832,675,1
5834,495,1
5835,572,1
5836,850,1
5837,82,1
5838,10,1
5840,178,1
5842,829,1
5844,958,1
5845,273,1
5846,348,1
5848,429,1
5849,878,1
5850,796,1
5851,6,1
5853,387,1
5854,983,1
5855,603,1
5859,143,1
5861,512,1
5862,154,1
5863,465,1
5865,879,1
5866,4,1
5867,380,1
5868,506,1
5870,483,1
5871,893,1
5872,858,1
5873,873,1
5875,354,1
5876,574,1
5878,942,1
5879,918,1
5880,934,1
5881,764,1
5882,70,1
5885,129,1
5886,967,1
5887,281,1
5890,67,1
5892,784,1
5893,535,1
5894,344,1
5895,261,1
5899,694,1
5900,195,1
5901,555,1
5902,939,1
5903,404,1
5904,74,1
5906,864,1
5907,356,1
5910,792,1
5911,392,1
5912,660,1
5913,469,1
5915,225,1
5916,266,1
5917,62,1
5918,832,1
5919,334,1
5920,276,1
5921,971,1
5922,441,1
5923,492,1
5924,141,1
5925,765,1
5927,752,1
5928,194,1
5930,581,1
5931,688,1
5932,816,1
5933,536,1
5934,150,1
5935,929,1
5936,909,1
5937,328,1
5938,137,1
5939,653,1
5940,528,1
5941,92,1
5942,556,1
5943,169,1
5945,703,1
5946,496,1
5947,706,1
5948,672,1
5949,631,1
5950,524,1
5951,84,1
5953,148,1
5954,95,1
5955,712,1
5956,530,1
5957,769,1
5958,302,1
5959,993,1
5960,904,1
5961,23,1
5962,490,1
5963,142,1
5965,962,1
5966,175,1
5967,352,1
5968,463,1
5969,516,1
5970,433,1
5972,190,1
5973,32,1
5974,79,1
5975,378,1
5976,558,1
5977,117,1
5978,260,1
5979,71,1
5981,888,1
5982,498,1
5983,193,1
5984,567,1
5985,53,1
5987,246,1
5988,16,1
5990,399,1
5991,416,1
5992,973,1
5993,63,1
5994,371,1
5995,874,1
5998,975,1
6002,607,1
6003,159,1
6004,38,1
6006,33,1
6007,516,1
6008,318,1
6009,960,1
6010,734,1
6011,681,1
6012,21,1
6014,823,1
6015,743,1
6016,893,1
6017,940,1
6018,208,1
6019,536,1
6022,659,1
6025,241,1
6026,79,1
6029,731,1
6030,303,1
6031,249,1
6032,50,1
6033,427,1
6034,177,1
6035,616,1
6036,490,1
6037,529,1
6038,69,1
6041,67,1
6042,409,1
6043,195,1
6044,415,1
6045,962,1
6047,103,1
6048,645,1
6049,597,1
6050,640,1
6051,263,1
6052,583,1
6053,426,1
6054,989,1
6055,142,1
6056,434,1
6057,751,1
6058,764,1
6059,855,1
6060,22,1
6061,242,1
6062,336,1
6063,706,1
6064,657,1
6066,615,1
6067,809,1
6068,239,1
6069,983,1
6070,577,1
6071,717,1
6072,978,1
6073,555,1
6074,48,1
6075,202,1
6076,759,1
6077,937,1
6080,894,1
6081,42,1
6083,635,1
6085,95,1
6086,586,1
6087,872,1
6088,312,1
6091,981,1
6093,107,1
6094,864,1
6095,612,1
6096,197,1
6098,852,1
6100,818,1
6101,791,1
6102,424,1
6103,78,1
6104,484,1
6105,230,1
6106,897,1
6107,800,1
6108,553,1
6109,348,1
6110,147,1
6111,51,1
6114,56,1
6116,152,1
6118,324,1
6119,19,1
6120,821,1
6121,647,1
6123,737,1
6124,191,1
6125,57,1
6126,440,1
6128,702,1
6129,89,1
6130,975,1
6131,141,1
6132,783,1
6133,234,1
6134,899,1
6135,32,1
6136,934,1
6138,305,1
6140,112,1
6141,715,1
6143,862,1
6144,756,1
6146,327,1
6147,949,1
6148,188,1
6150,59,1
6152,661,1
6153,904,1
6154,578,1
6155,986,1
6156,351,1
6157,225,1
6158,506,1
6159,505,1
6163,456,1
6164,525,1
6165,675,1
6166,174,1
6167,35,1
6169,105,1
6170,390,1
6174,61,1
6175,924,1
6178,293,1
6179,513,1
6180,68,1
6181,144,1
6182,125,1
6183,646,1
6184,187,1
6185,771,1
6186,360,1
6187,528,1
6188,999,1
6189,41,1
6191,497,1
6192,14,1
6194,460,1
6195,476,1
6196,829,1
6197,620,1
6198,398,1
6200,9,1
6201,587,1
6202,84,1
6204,412,1
6205,788,1
6206,778,1
6208,98,1
6209,165,1
6211,994,1
6212,753,1
6213,410,1
6214,199,1
6215,341,1
6217,596,1
6219,108,1
6220,795,1
6222,435,1
6223,769,1
6224,534,1
6226,827,1
6227,288,1
6228,377,1
6229,581,1
6230,184,1
6231,881,1
6232,991,1
6233,926,1
6234,915,1
6235,929,1
6236,356,1
6238,332,1
6241,179,1
6242,711,1
6244,624,1
6245,936,1
6246,820,1
6248,867,1
6251,480,1
6252,718,1
6254,134,1
6256,882,1
6257,273,1
6258,296,1
6259,310,1
6260,773,1
6261,238,1
6262,378,1
6263,925,1
6264,693,1
6265,353,1
6266,654,1
6268,212,1
6269,730,1
6270,155,1
6272,797,1
6273,96,1
6275,703,1
6276,537,1
6277,254,1
6278,75,1
6279,444,1
6280,331,1
6281,219,1
6284,568,1
6285,630,1
6286,366,1
6287,240,1
6288,813,1
6289,884,1
6290,757,1
6291,810,1
6292,349,1
6293,461,1
6295,161,1
6296,433,1
6297,584,1
6298,679,1
6299,653,1
6300,474,1
6301,496,1
6303,614,1
6304,524,1
6305,526,1
6306,18,1
6308,817,1
6309,547,1
6311,777,1
6313,102,1
6314,542,1
6317,839,1
6318,153,1
6319,944,1
6320,677,1
6324,34,1
6326,131,1
6327,532,1
6328,683,1
6329,967,1
6330,383,1
6332,966,1
6333,119,1
6335,94,1
6336,173,1
6337,389,1
6339,140,1
6342,182,1
6343,207,1
6344,805,1
6345,814,1
6346,842,1
6349,678,1
6351,328,1
6353,569,1
6354,648,1
6355,411,1
6356,546,1
6359,939,1
6360,638,1
6363,227,1
6364,397,1
6365,306,1
6367,274,1
6368,825,1
6369,554,1
6370,326,1
6371,608,1
6372,700,1
6373,258,1
6374,358,1
6375,993,1
6376,387,1
6377,964,1
6378,851,1
6379,621,1
6380,920,1
6381,556,1
6382,625,1
6383,339,1
6385,186,1
6386,727,1
6388,662,1
6389,278,1
6390,361,1
6391,454,1
6392,763,1
6393,858,1
6394,73,1
6395,826,1
6396,423,1
6397,406,1
6398,510,1
6400,560,1
6401,807,1
6402,380,1
6403,565,1
6404,641,1
6405,557,1
6406,138,1
6407,710,1
6408,745,1
6409,135,1
6412,8,1
6413,666,1
6414,602,1
6416,796,1
6417,517,1
6419,396,1
6420,639,1
6422,890,1
6424,369,1
6425,421,1
6427,483,1
6428,509,1
6429,889,1
6430,26,1
6431,895,1
6432,738,1
6433,308,1
6434,92,1
6437,362,1
6438,984,1
6440,295,1
6441,859,1
6442,329,1
6443,228,1
6444,63,1
6447,4,1
6448,933,1
6449,663,1
6450,669,1
6451,216,1
6452,419,1
6453,6,1
6454,279,1
6455,611,1
6456,629,1
6457,533,1
6459,571,1
6460,728,1
6464,309,1
6465,930,1
6466,656,1
6467,942,1
6469,376,1
6471,673,1
6473,382,1
6474,49,1
6475,231,1
6476,910,1
6477,502,1
6478,209,1
6479,947,1
6480,164,1
6481,844,1
6482,712,1
6483,408,1
6485,399,1
6486,644,1
6487,116,1
6488,262,1
6489,828,1
6491,58,1
6492,632,1
6493,171,1
6494,853,1
6496,618,1
6497,549,1
6499,392,1
6500,280,1
6501,393,1
6502,600,1
6503,451,1
6504,126,1
6505,511,1
6507,455,1
6510,674,1
6511,367,1
6512,956,1
6513,55,1
6515,394,1
6516,402,1
6517,88,1
6519,541,1
6520,883,1
6521,118,1
6523,189,1
6524,54,1
6526,335,1
6527,563,1
6528,23,1
6529,97,1
6531,10,1
6532,948,1
6534,323,1
6535,758,1
6536,594,1
6538,428,1
6539,692,1
6540,106,1
6541,922,1
6542,643,1
6543,720,1
6544,167,1
6545,457,1
6546,16,1
6547,190,1
6549,87,1
6550,651,1
6551,475,1
6553,504,1
6554,637,1
6555,812,1
6556,1000,1
6557,801,1
6558,631,1
6559,417,1
6560,866,1
6561,567,1
6563,285,1
6564,850,1
6565,447,1
6566,441,1
6567,768,1
6570,873,1
6571,53,1
6573,290,1
6575,971,1
6577,5,1
6578,819,1
6579,413,1
6580,133,1
6581,834,1
6582,156,1
6584,836,1
6585,672,1
6587,968,1
6588,535,1
6589,330,1
6590,36,1
6591,519,1
6592,780,1
6593,650,1
6596,752,1
6597,72,1
6598,538,1
6600,269,1
6601,381,1
6602,352,1
6604,121,1
6606,37,1
6607,879,1
6608,912,1
6609,725,1
6610,320,1
6611,698,1
6612,965,1
6613,918,1
6614,498,1
6615,886,1
6617,70,1
6618,733,1
6620,574,1
6621,25,1
6622,779,1
6623,487,1
6624,233,1
6625,508,1
6626,148,1
6627,252,1
6628,64,1
6630,229,1
6634,784,1
6635,449,1
6636,907,1
6637,276,1
6638,572,1
6639,610,1
6640,71,1
6642,995,1
6643,77,1
6644,658,1
6646,322,1
6647,130,1
6648,543,1
6649,570,1
6650,158,1
6651,992,1
6652,371,1
6654,970,1
6655,905,1
6656,244,1
6658,701,1
6660,420,1
6661,799,1
6662,27,1
6664,997,1
6665,261,1
6666,185,1
6667,210,1
6668,431,1
6669,514,1
6670,334,1
6672,694,1
6673,464,1
6674,145,1
6675,690,1
6676,346,1
6677,338,1
6678,561,1
6679,670,1
6680,722,1
6681,874,1
6682,221,1
6683,113,1
6685,785,1
6686,1,1
6688,154,1
6689,522,1
6691,622,1
6692,765,1
6693,15,1
6694,206,1
6695,840,1
6696,265,1
6697,247,1
6698,793,1
6699,792,1
6700,716,1
6701,193,1
6702,539,1
6703,680,1
6704,833,1
6705,151,1
6707,281,1
6709,7,1
6711,372,1
6712,684,1
6713,489,1
6714,250,1
6716,287,1
6717,85,1
6719,627,1
6720,744,1
6721,289,1
6722,30,1
6723,236,1
6726,931,1
6729,642,1
6730,311,1
6731,143,1
6732,169,1
6734,315,1
6735,691,1
6736,436,1
6737,945,1
6738,272,1
6739,909,1
6740,941,1
6741,512,1
6743,379,1
6744,300,1
6745,973,1
6747,770,1
6748,405,1
6749,520,1
6750,146,1
6752,178,1
6755,811,1
6756,786,1
6758,749,1
6759,284,1
6760,832,1
6761,598,1
6762,359,1
6763,804,1
6764,354,1
6765,530,1
6766,124,1
6767,386,1
6768,422,1
6769,260,1
6772,270,1
6773,928,1
6774,384,1
6775,736,1
6776,787,1
6777,463,1
6780,466,1
6781,603,1
6784,255,1
6785,473,1
6786,875,1
6787,268,1
6789,552,1
6791,20,1
6792,220,1
6794,623,1
6795,266,1
6797,201,1
6798,246,1
6799,938,1
6800,990,1
6801,317,1
6803,304,1
6804,559,1
6805,705,1
6806,129,1
6807,224,1
6809,824,1
6815,160,1
6816,987,1
6818,972,1
6819,481,1
6820,781,1
6821,374,1
6822,128,1
6823,846,1
6824,325,1
6825,782,1
6826,465,1
6827,998,1
6828,887,1
6829,319,1
6830,927,1
6831,649,1
6832,163,1
6833,682,1
6834,816,1
6835,613,1
6836,558,1
6837,660,1
6838,404,1
6840,849,1
6841,903,1
6844,841,1
6846,762,1
6847,831,1
6848,740,1
6850,100,1
6851,575,1
6852,469,1
6854,82,1
6856,617,1
6857,299,1
6858,344,1
6859,257,1
6860,772,1
6861,707,1
6863,540,1
6864,953,1
6866,726,1
6867,194,1
6869,604,1
6870,136,1
6871,243,1
6872,955,1
6874,345,1
6878,544,1
6879,704,1
6880,794,1
6881,370,1
6882,687,1
6883,877,1
6884,857,1
6885,655,1
6886,491,1
6887,62,1
6888,495,1
6889,564,1
6892,205,1
6893,137,1
6894,891,1
6895,652,1
6897,340,1
6898,198,1
6899,494,1
6900,688,1
6906,150,1
6907,251,1
6908,531,1
6909,333,1
6910,985,1
6911,66,1
6912,450,1
6913,192,1
6914,302,1
6916,181,1
6918,860,1
6920,943,1
6922,952,1
6923,2,1
6924,313,1
6925,86,1
6928,878,1
6929,950,1
6930,368,1
6931,856,1
6932,869,1
6933,60,1
6934,923,1
6935,492,1
6937,958,1
6938,932,1
6939,719,1
6941,175,1
6942,789,1
6943,888,1
6946,898,1
6947,99,1
6948,548,1
6949,479,1
6950,432,1
6951,462,1
6952,977,1
6953,458,1
6954,741,1
6958,599,1
6960,425,1
6961,667,1
6963,438,1
6964,407,1
6965,416,1
6966,316,1
6967,45,1
6968,774,1
6969,914,1
6970,676,1
6971,267,1
6972,337,1
6973,589,1
6974,500,1
6975,211,1
6977,919,1
6978,297,1
6981,375,1
6982,282,1
6983,746,1
6984,248,1
6985,291,1
6986,114,1
6988,429,1
6989,74,1
6990,803,1
6991,213,1
6992,401,1
6993,798,1
6994,916,1
6997,117,1
6998,31,1
7002,560,1
7003,290,1
7004,725,1
7005,33,1
7006,411,1
7011,782,1
7012,349,1
7013,351,1
7014,483,1
7015,137,1
7016,563,1
7017,568,1
7019,206,1
7020,136,1
7022,536,1
7024,58,1
7025,977,1
7026,224,1
7027,660,1
7028,458,1
7029,644,1
7030,89,1
7031,389,1
7033,925,1
7034,473,1
7035,990,1
7036,37,1
7038,9,1
7040,912,1
7041,145,1
7042,25,1
7043,937,1
7044,589,1
7046,494,1
7047,804,1
7048,506,1
7049,688,1
7050,670,1
7051,161,1
7052,405,1
7053,642,1
7054,768,1
7055,711,1
7056,898,1
7057,317,1
7058,995,1
7060,209,1
7062,594,1
7064,958,1
7066,919,1
7067,882,1
7068,520,1
7069,394,1
7071,899,1
7072,404,1
7073,720,1
7074,561,1
7075,194,1
7077,148,1
7078,716,1
7079,889,1
7080,231,1
7082,581,1
7083,862,1
7084,803,1
7085,531,1
7088,647,1
7089,383,1
7092,281,1
7093,926,1
7094,834,1
7095,186,1
7096,929,1
7097,208,1
7098,513,1
7099,643,1
7100,22,1
7101,14,1
7102,905,1
7103,408,1
7104,819,1
7106,931,1
7108,928,1
7110,4,1
7111,108,1
7113,366,1
7114,840,1
7115,54,1
7116,718,1
7117,163,1
7118,289,1
7119,263,1
7121,401,1
7122,318,1
7123,701,1
7124,603,1
7125,874,1
7126,252,1
7127,296,1
7129,532,1
7130,213,1
7131,522,1
7132,119,1
7134,537,1
7136,250,1
7137,983,1
7138,512,1
7139,916,1
7140,800,1
7142,981,1
7144,498,1
7146,965,1
7147,105,1
7149,260,1
7150,171,1
7151,79,1
7152,221,1
7153,21,1
7154,823,1
7155,783,1
7156,380,1
7158,858,1
7160,681,1
7161,100,1
7162,243,1
7163,201,1
7165,780,1
7166,578,1
7167,316,1
7169,615,1
7171,555,1
7173,649,1
7175,922,1
7176,247,1
7177,15,1
7179,287,1
7180,116,1
7182,881,1
7183,795,1
7184,719,1
7185,897,1
7186,873,1
7187,6,1
7189,130,1
7190,147,1
7191,853,1
7192,1,1
7193,797,1
7195,765,1
7196,399,1
7200,144,1
7202,879,1
7203,73,1
7204,66,1
7205,653,1
7206,907,1
7207,549,1
7209,273,1
7210,392,1
7211,319,1
7212,662,1
7213,687,1
7214,587,1
7215,771,1
7217,630,1
7219,327,1
7220,353,1
7223,381,1
7224,890,1
7226,492,1
7227,484,1
7228,887,1
7229,205,1
7230,542,1
7232,524,1
7234,98,1
7235,332,1
7236,312,1
7237,339,1
7238,852,1
7241,788,1
7242,71,1
7244,75,1
7245,324,1
7246,731,1
7247,481,1
7248,305,1
7249,59,1
7250,839,1
7251,655,1
7252,158,1
7253,462,1
7254,740,1
7256,299,1
7257,387,1
7259,266,1
7260,118,1
7261,923,1
7262,413,1
7263,656,1
7264,96,1
7267,178,1
7269,322,1
7270,784,1
7271,712,1
7272,384,1
7273,150,1
7274,175,1
7275,48,1
7276,270,1
7277,654,1
7278,320,1
7279,334,1
7280,451,1
7282,69,1
7283,535,1
7284,382,1
7286,751,1
7287,228,1
7288,238,1
7289,627,1
7291,637,1
7292,746,1
7293,753,1
7294,505,1
7295,851,1
7298,558,1
7299,659,1
7300,934,1
7301,878,1
7302,680,1
7303,786,1
7304,952,1
7305,762,1
7307,280,1
7309,511,1
7310,133,1
7311,846,1
7314,173,1
7315,36,1
7316,193,1
7317,476,1
7318,832,1
7320,640,1
7321,526,1
7322,575,1
7323,704,1
7324,705,1
7325,641,1
7326,625,1
7328,216,1
7329,308,1
7331,528,1
7332,31,1
7333,743,1
7334,415,1
7337,333,1
7338,799,1
7339,210,1
7340,813,1
7342,533,1
7344,710,1
7345,554,1
7346,233,1
7348,378,1
7349,236,1
7350,244,1
7351,184,1
7352,265,1
7353,778,1
7354,544,1
7355,543,1
7356,584,1
7357,152,1
7358,154,1
7359,645,1
7360,191,1
7361,167,1
7362,97,1
7363,529,1
7365,30,1
7366,84,1
7367,340,1
7368,787,1
7369,67,1
7371,311,1
7372,596,1
7374,293,1
7375,949,1
7376,648,1
7377,362,1
7379,124,1
7380,466,1
7381,189,1
7382,779,1
7383,78,1
7384,345,1
7385,19,1
7386,700,1
7388,855,1
7389,10,1
7390,914,1
7391,817,1
7392,941,1
7393,825,1
7394,434,1
7395,796,1
7397,310,1
7398,254,1
7399,444,1
7400,774,1
7401,842,1
7402,814,1
7403,598,1
7407,661,1
7408,877,1
7411,849,1
7412,114,1
7413,860,1
7414,159,1
7415,361,1
7416,282,1
7418,379,1
7419,441,1
7421,616,1
7422,857,1
7423,346,1
7424,942,1
7426,207,1
7427,895,1
7428,973,1
7429,764,1
7430,68,1
7432,126,1
7433,991,1
7434,947,1
7436,565,1
7438,338,1
7439,50,1
7441,335,1
7442,910,1
7443,692,1
7444,683,1
7445,938,1
7446,274,1
7449,622,1
7450,348,1
7451,875,1
7452,820,1
7453,867,1
7455,352,1
7457,886,1
7458,940,1
7459,341,1
7460,769,1
7462,285,1
7463,757,1
7464,125,1
7465,574,1
7466,567,1
7467,185,1
7468,749,1
7473,936,1
7474,490,1
7475,658,1
7477,586,1
7478,423,1
7479,738,1
7482,386,1
7483,682,1
7486,309,1
7487,978,1
7488,722,1
7489,650,1
7490,407,1
7491,60,1
7492,41,1
7493,702,1
7495,872,1
7496,315,1
7497,372,1
7498,850,1
7500,23,1
7502,821,1
7503,367,1
7506,474,1
7507,88,1
7508,651,1
7509,608,1
7510,156,1
7512,514,1
7513,460,1
7514,396,1
7515,397,1
7517,827,1
7518,356,1
7519,77,1
7521,450,1
7523,966,1
7524,255,1
7525,219,1
7526,638,1
7527,87,1
7528,284,1
7529,866,1
7530,810,1
7531,258,1
7532,794,1
7534,570,1
7535,909,1
7536,812,1
7537,726,1
7538,986,1
7539,53,1
7541,227,1
7542,463,1
7543,694,1
7544,416,1
7545,306,1
7546,698,1
7548,770,1
7549,841,1
7550,943,1
7552,326,1
7554,103,1
7555,635,1
7556,547,1
7557,829,1
7559,759,1
7560,419,1
7561,497,1
7562,676,1
7563,504,1
7564,234,1
7568,179,1
7569,62,1
7570,519,1
7573,920,1
7574,930,1
7577,904,1
7578,211,1
7580,74,1
7581,691,1
7582,291,1
7583,272,1
7584,791,1
7586,678,1
7587,27,1
7588,967,1
7592,690,1
7594,465,1
7596,406,1
7597,325,1
7599,538,1
7601,883,1
7602,268,1
7603,1000,1
7604,727,1
7606,141,1
7607,693,1
7608,246,1
7611,962,1
7612,20,1
7613,51,1
7614,960,1
7615,950,1
7616,455,1
7617,984,1
7619,240,1
7620,248,1
7621,734,1
7622,530,1
7623,242,1
7625,429,1
7626,945,1
7628,623,1
7629,706,1
7630,85,1
7631,496,1
7632,129,1
7633,393,1
7635,475,1
7637,86,1
7638,789,1
7639,279,1
7640,572,1
7641,816,1
7643,756,1
7644,992,1
7645,99,1
7646,377,1
7647,225,1
7648,604,1
7649,398,1
7650,131,1
7651,583,1
7652,42,1
7653,61,1
7654,559,1
7655,546,1
7656,509,1
7657,409,1
7659,288,1
7660,198,1
7661,424,1
7662,2,1
7663,330,1
7664,151,1
7666,525,1
7667,508,1
7669,624,1
7670,614,1
7671,8,1
7673,998,1
7676,257,1
7677,457,1
7678,230,1
7680,600,1
7681,295,1
7682,18,1
7683,811,1
7686,92,1
7688,251,1
7689,370,1
7691,534,1
7693,540,1
7694,728,1
7695,34,1
7696,618,1
7697,417,1
7698,300,1
7699,304,1
7700,994,1
7701,32,1
7702,38,1
7703,436,1
7704,375,1
7707,164,1
7708,261,1
7709,55,1
7710,707,1
7711,143,1
7712,229,1
7713,745,1
7714,432,1
7715,997,1
7716,220,1
7718,500,1
7719,657,1
7720,859,1
7722,939,1
7723,620,1
7724,435,1
7725,188,1
7726,553,1
7727,390,1
7728,174,1
7729,495,1
7730,674,1
7731,510,1
7732,924,1
7734,433,1
7735,744,1
7736,541,1
7737,426,1
7738,269,1
7739,932,1
7740,358,1
7741,632,1
7744,673,1
7745,165,1
7746,134,1
7748,955,1
7749,733,1
7752,323,1
7754,57,1
7755,677,1
7756,666,1
7757,611,1
7758,672,1
7759,70,1
7761,730,1
7762,480,1
7764,933,1
7765,5,1
7766,117,1
7767,844,1
7769,113,1
7770,26,1
7771,516,1
7774,336,1
7776,431,1
7777,667,1
7778,328,1
7779,56,1
7780,569,1
7782,106,1
7783,121,1
7785,449,1
7786,613,1
7787,517,1
7788,953,1
7790,49,1
7791,302,1
7792,376,1
7793,736,1
7794,781,1
7795,428,1
7798,112,1
7799,675,1
7801,239,1
7802,456,1
7803,971,1
7805,181,1
7809,610,1
7810,564,1
7811,142,1
7813,153,1
7814,489,1
7815,169,1
7816,684,1
7818,63,1
7819,7,1
7820,833,1
7821,491,1
7822,438,1
7824,360,1
7826,752,1
7827,412,1
7828,970,1
7829,331,1
7830,487,1
7831,425,1
7833,190,1
7834,927,1
7835,809,1
7838,464,1
7839,571,1
7840,607,1
7841,427,1
7842,160,1
7845,479,1
7846,192,1
7847,107,1
7848,903,1
7849,557,1
7850,212,1
7851,801,1
7852,556,1
7856,894,1
7857,102,1
7858,987,1
7859,64,1
7860,422,1
7861,374,1
7864,597,1
7866,831,1
7867,577,1
7869,469,1
7871,948,1
7872,454,1
7874,440,1
7876,548,1
7877,146,1
7878,402,1
7879,35,1
7880,888,1
7881,249,1
7882,344,1
7883,612,1
7884,552,1
7885,824,1
7886,369,1
7887,410,1
7888,177,1
7889,241,1
7890,663,1
7891,985,1
7894,715,1
7895,155,1
7896,45,1
7897,276,1
7898,461,1
7899,182,1
7900,956,1
7901,807,1
7902,772,1
7903,262,1
7905,646,1
7906,82,1
7907,629,1
7909,447,1
7910,741,1
7911,502,1
7913,669,1
7914,195,1
7916,805,1
7918,828,1
7919,72,1
7920,703,1
7921,197,1
7924,202,1
7926,989,1
7928,793,1
7929,599,1
7930,893,1
7931,138,1
7932,836,1
7934,95,1
7935,737,1
7936,792,1
7938,915,1
7939,785,1
7940,94,1
7941,884,1
7942,602,1
7943,944,1
7944,621,1
7945,16,1
7946,128,1
7947,639,1
7948,798,1
7949,864,1
7950,199,1
7951,856,1
7952,359,1
7953,777,1
7954,652,1
7958,140,1
7959,818,1
7960,631,1
7961,135,1
7962,354,1
7963,329,1
7964,968,1
7966,187,1
7967,773,1
7968,539,1
7969,617,1
7970,420,1
7971,371,1
7972,993,1
7973,758,1
7974,972,1
7976,891,1
7977,826,1
7978,918,1
7980,278,1
7981,421,1
7982,297,1
7983,313,1
7985,717,1
7987,975,1
7990,999,1
7991,267,1
7992,679,1
7993,763,1
7994,964,1
7995,869,1
7996,303,1
7999,337,1
8000,368,1
8001,380,1
8002,846,1
8004,498,1
8005,859,1
8006,692,1
8007,977,1
8008,578,1
8010,756,1
8012,113,1
8013,926,1
8014,367,1
8015,118,1
8016,427,1
8017,136,1
8019,335,1
8020,882,1
8021,552,1
8022,684,1
8026,257,1
8027,429,1
8028,543,1
8029,63,1
8031,914,1
8032,687,1
8033,360,1
8034,322,1
8035,210,1
8036,676,1
8037,872,1
8038,26,1
8039,175,1
8040,483,1
8041,864,1
8043,659,1
8044,181,1
8045,804,1
8047,383,1
8049,565,1
8052,274,1
8053,231,1
8054,49,1
8056,146,1
8057,965,1
8058,673,1
8059,779,1
8060,571,1
8061,178,1
8062,409,1
8063,378,1
8064,392,1
8065,937,1
8066,999,1
8068,919,1
8069,337,1
8070,857,1
8071,381,1
8072,656,1
8073,131,1
8074,79,1
8075,705,1
8076,195,1
8079,985,1
8080,719,1
8081,812,1
8082,103,1
8086,160,1
8087,648,1
8088,929,1
8089,642,1
8090,42,1
8091,869,1
8092,883,1
8095,479,1
8097,624,1
8098,268,1
8099,604,1
8102,249,1
8103,206,1
8104,36,1
8107,952,1
8109,745,1
8110,48,1
8111,645,1
8112,972,1
8113,457,1
8114,678,1
8115,738,1
8116,536,1
8117,407,1
8118,844,1
8120,691,1
8121,577,1
8122,202,1
8124,465,1
8125,361,1
8128,827,1
8130,209,1
8131,318,1
8133,240,1
8134,964,1
8135,603,1
8136,710,1
8138,607,1
8140,704,1
8142,7,1
8144,737,1
8145,236,1
8146,514,1
8148,450,1
8149,785,1
8151,661,1
8153,227,1
8154,741,1
8155,100,1
8157,138,1
8158,526,1
8159,620,1
8161,97,1
8162,316,1
8163,224,1
8164,820,1
8165,182,1
8168,960,1
8169,505,1
8170,415,1
8172,324,1
8173,927,1
8174,399,1
8175,903,1
8176,255,1
8177,611,1
8178,496,1
8179,197,1
8180,587,1
8181,16,1
8182,346,1
8183,352,1
8184,874,1
8185,674,1
8186,773,1
8187,823,1
8191,114,1
8192,404,1
8194,248,1
8196,293,1
8198,677,1
8199,850,1
8200,14,1
8201,520,1
8202,991,1
8203,305,1
8204,78,1
8205,490,1
8206,92,1
8208,907,1
8209,973,1
8210,770,1
8211,382,1
8214,62,1
8216,332,1
8218,701,1
8220,570,1
8221,849,1
8222,61,1
8223,700,1
8224,64,1
8225,983,1
8226,877,1
8227,447,1
8229,890,1
8230,970,1
8232,534,1
8233,928,1
8234,299,1
8237,129,1
8238,190,1
8239,349,1
8241,497,1
8242,351,1
8246,184,1
8247,856,1
8248,5,1
8249,706,1
8252,333,1
8253,574,1
8254,238,1
8255,423,1
8256,500,1
8257,51,1
8258,108,1
8260,630,1
8261,669,1
8262,995,1
8264,2,1
8265,341,1
8266,70,1
8267,853,1
8269,841,1
8270,251,1
8271,148,1
8272,330,1
8273,549,1
8274,798,1
8275,581,1
8276,953,1
8278,544,1
8279,654,1
8280,211,1
8281,688,1
8282,672,1
8284,810,1
8285,95,1
8287,662,1
8288,531,1
8289,512,1
8290,494,1
8293,842,1
8295,456,1
8296,819,1
8297,564,1
8298,540,1
8299,164,1
8300,387,1
8301,716,1
8302,942,1
8303,583,1
8304,128,1
8305,644,1
8307,422,1
8308,35,1
8309,717,1
8312,561,1
8313,912,1
8315,290,1
8316,947,1
8318,189,1
8320,542,1
8321,38,1
8322,516,1
8323,432,1
8326,825,1
8327,408,1
8328,169,1
8329,1000,1
8330,375,1
8331,736,1
8332,787,1
8333,121,1
8334,795,1
8335,220,1
8337,134,1
8339,153,1
8340,75,1
8342,875,1
8343,310,1
8345,816,1
8346,124,1
8347,247,1
8348,831,1
8349,303,1
8350,241,1
8352,390,1
8353,575,1
8355,862,1
8356,22,1
8357,265,1
8359,359,1
8360,192,1
8362,398,1
8363,922,1
8364,524,1
8366,475,1
8367,915,1
8368,177,1
8369,263,1
8370,651,1
8371,538,1
8373,897,1
8374,125,1
8375,135,1
8376,757,1
8377,455,1
8378,627,1
8379,174,1
8380,4,1
8381,158,1
8382,646,1
8383,50,1
8384,117,1
8385,530,1
8386,258,1
8387,971,1
8388,193,1
8389,940,1
8390,910,1
8391,234,1
8393,107,1
8394,740,1
8396,461,1
8397,789,1
8398,891,1
8399,924,1
8400,89,1
8401,887,1
8402,137,1
8404,967,1
8405,786,1
8406,640,1
8407,421,1
8408,548,1
8409,327,1
8410,71,1
8411,260,1
8412,73,1
8413,993,1
8414,938,1
8416,805,1
8417,811,1
8418,33,1
8419,746,1
8420,949,1
8421,886,1
8422,589,1
8424,441,1
8426,944,1
8427,394,1
8428,560,1
8429,425,1
8430,308,1
8432,410,1
8433,54,1
8434,693,1
8435,702,1
8436,774,1
8437,649,1
8438,703,1
8439,682,1
8440,19,1
8441,555,1
8442,727,1
8443,366,1
8444,528,1
8447,106,1
8450,803,1
8451,650,1
8452,154,1
8455,832,1
8456,777,1
8457,533,1
8458,817,1
8460,480,1
8461,145,1
8462,749,1
8464,718,1
8465,797,1
8466,643,1
8467,992,1
8468,331,1
8469,826,1
8470,537,1
8472,989,1
8473,167,1
8474,968,1
8475,416,1
8478,814,1
8480,280,1
8481,126,1
8482,807,1
8483,772,1
8484,894,1
8485,916,1
8487,53,1
8488,338,1
8489,45,1
8491,753,1
8493,569,1
8494,525,1
8495,66,1
8496,728,1
8497,348,1
8499,899,1
8501,56,1
8502,451,1
8503,112,1
8505,179,1
8507,369,1
8508,711,1
8509,435,1
8511,771,1
8512,517,1
8513,147,1
8514,986,1
8515,262,1
8517,434,1
8518,254,1
8519,948,1
8522,936,1
8523,18,1
8524,768,1
8525,60,1
8527,670,1
8528,752,1
8529,829,1
8532,96,1
8533,229,1
8534,660,1
8535,743,1
8539,860,1
8540,159,1
8541,594,1
8542,558,1
8544,69,1
8545,866,1
8546,898,1
8547,419,1
8548,666,1
8551,782,1
8552,758,1
8553,272,1
8554,370,1
8556,151,1
8557,532,1
8558,920,1
8559,930,1
8560,72,1
8562,142,1
8563,278,1
8564,191,1
8565,143,1
8566,955,1
8567,931,1
8568,618,1
8570,800,1
8574,326,1
8575,144,1
8576,105,1
8578,637,1
8579,720,1
8580,306,1
8582,622,1
8583,762,1
8584,600,1
8585,20,1
8586,958,1
8587,384,1
8588,41,1
8590,722,1
8592,87,1
8593,329,1
8594,155,1
8595,836,1
8597,925,1
8598,386,1
8599,783,1
8601,312,1
8602,345,1
8603,94,1
8604,873,1
8605,799,1
8606,510,1
8607,504,1
8608,266,1
8609,300,1
8610,88,1
8611,323,1
8612,784,1
8613,839,1
8614,397,1
8616,625,1
8617,466,1
8618,207,1
8619,438,1
8621,469,1
8623,362,1
8624,858,1
8627,962,1
8628,780,1
8629,794,1
8630,879,1
8631,246,1
8633,966,1
8634,764,1
8635,639,1
8636,683,1
8637,513,1
8638,233,1
8639,244,1
8640,796,1
8641,130,1
8642,933,1
8643,98,1
8644,34,1
8647,881,1
8648,990,1
8649,943,1
8650,598,1
8651,484,1
8653,412,1
8654,712,1
8656,230,1
8657,657,1
8658,596,1
8659,165,1
8660,473,1
8661,454,1
8662,934,1
8663,655,1
8664,621,1
8665,502,1
8666,32,1
8667,6,1
8668,663,1
8671,216,1
8673,765,1
8675,296,1
8678,679,1
8679,21,1
8680,188,1
8681,563,1
8683,487,1
8684,319,1
8685,68,1
8686,221,1
8687,778,1
8689,74,1
8691,250,1
8692,553,1
8694,734,1
8695,269,1
8696,396,1
8697,818,1
8698,10,1
8700,559,1
8701,984,1
8702,939,1
8703,86,1
8704,340,1
8705,325,1
8706,744,1
8707,313,1
8709,667,1
8710,239,1
8712,353,1
8713,288,1
8714,658,1
8715,895,1
8716,377,1
8717,546,1
8719,431,1
8720,491,1
8721,30,1
8723,402,1
8724,889,1
8726,698,1
8727,85,1
8728,344,1
8729,58,1
8730,852,1
8731,623,1
8732,281,1
8734,212,1
8735,261,1
8737,652,1
8738,374,1
8739,276,1
8740,59,1
8741,389,1
8742,567,1
8743,37,1
8744,225,1
8745,610,1
8746,956,1
8747,554,1
8748,791,1
8749,116,1
8750,824,1
8751,67,1
8752,371,1
8753,904,1
8756,932,1
8757,801,1
8760,541,1
8761,460,1
8762,834,1
8763,440,1
8766,813,1
8767,781,1
8768,506,1
8771,694,1
8772,84,1
8774,851,1
8775,616,1
8776,267,1
8777,840,1
8779,102,1
8780,282,1
8782,715,1
8783,584,1
8784,529,1
8785,828,1
8787,586,1
8788,287,1
8790,458,1
8791,406,1
8794,219,1
8795,731,1
8796,599,1
8798,228,1
8799,612,1
8800,315,1
8802,769,1
8803,481,1
8804,270,1
8805,77,1
8806,675,1
8807,981,1
8808,998,1
8809,978,1
8810,681,1
8811,788,1
8814,205,1
8815,356,1
8816,730,1
8819,194,1
8820,751,1
8821,631,1
8822,726,1
8823,763,1
8825,242,1
8826,495,1
8827,474,1
8828,199,1
8834,888,1
8835,855,1
8836,428,1
8837,923,1
8840,519,1
8841,141,1
8842,302,1
8844,424,1
8845,297,1
8846,25,1
8847,809,1
8848,133,1
8849,173,1
8850,417,1
8851,918,1
8852,304,1
8853,171,1
8854,243,1
8855,975,1
8856,379,1
8858,613,1
8859,759,1
8860,411,1
8862,426,1
8863,638,1
8864,27,1
8865,635,1
8866,632,1
8868,336,1
8869,647,1
8870,617,1
8872,187,1
8874,608,1
8875,950,1
8876,994,1
8877,941,1
8878,653,1
8880,119,1
8881,463,1
8884,615,1
8886,150,1
8887,462,1
8888,690,1
8889,320,1
8890,792,1
8891,285,1
8892,987,1
8893,884,1
8894,641,1
8895,198,1
8896,905,1
8897,909,1
8898,252,1
8900,436,1
8901,309,1
8903,997,1
8905,311,1
8906,279,1
8907,401,1
8909,547,1
8910,163,1
8913,449,1
8915,23,1
8917,82,1
8918,31,1
8919,878,1
8920,372,1
8921,508,1
8922,55,1
8923,186,1
8924,161,1
8926,405,1
8929,725,1
8930,358,1
8932,8,1
8933,489,1
8934,156,1
8935,793,1
8936,289,1
8937,629,1
8938,393,1
8940,213,1
8941,152,1
8942,201,1
8943,208,1
8944,339,1
8945,57,1
8946,821,1
8949,535,1
8950,284,1
8951,328,1
8952,833,1
8953,597,1
8954,476,1
8955,15,1
8956,140,1
8957,444,1
8958,492,1
8959,509,1
8963,413,1
8964,464,1
8965,9,1
8966,185,1
8967,556,1
8968,602,1
8969,1,1
8970,420,1
8971,354,1
8972,572,1
8973,511,1
8974,317,1
8975,614,1
8977,376,1
8978,733,1
8979,334,1
8980,433,1
8982,568,1
8983,291,1
8986,557,1
8987,522,1
8989,539,1
8991,295,1
8992,680,1
8993,273,1
8994,707,1
8996,893,1
8997,99,1
8998,945,1
8999,867,1
9000,368,1
9001,594,1
9002,855,1
9004,229,1
9005,175,1
9006,749,1
9008,194,1
9009,716,1
9011,329,1
9012,296,1
9014,173,1
9016,211,1
9019,704,1
9021,224,1
9022,212,1
9023,953,1
9024,74,1
9025,359,1
9026,679,1
9027,541,1
9028,612,1
9033,616,1
9036,187,1
9037,336,1
9038,666,1
9039,138,1
9041,195,1
9042,227,1
9043,937,1
9044,629,1
9045,783,1
9046,559,1
9047,670,1
9049,82,1
9051,858,1
9052,581,1
9054,894,1
9055,119,1
9056,862,1
9057,490,1
9058,572,1
9059,888,1
9060,797,1
9061,962,1
9062,924,1
9063,973,1
9064,143,1
9065,698,1
9066,960,1
9067,915,1
9068,219,1
9069,510,1
9070,21,1
9071,791,1
9072,454,1
9074,242,1
9075,799,1
9077,291,1
9078,789,1
9079,656,1
9080,680,1
9081,765,1
9082,165,1
9084,922,1
9085,788,1
9087,455,1
9089,866,1
9091,647,1
9092,346,1
9093,574,1
9095,622,1
9096,648,1
9098,435,1
9100,531,1
9102,387,1
9103,49,1
9104,853,1
9105,771,1
9106,881,1
9108,540,1
9109,461,1
9110,611,1
9112,160,1
9113,89,1
9114,615,1
9115,621,1
9117,26,1
9119,88,1
9120,891,1
9121,457,1
9122,564,1
9124,469,1
9125,567,1
9127,897,1
9128,433,1
9129,955,1
9130,263,1
9131,751,1
9132,100,1
9133,266,1
9134,769,1
9135,70,1
9136,191,1
9138,353,1
9143,498,1
9144,844,1
9145,846,1
9147,306,1
9149,543,1
9151,534,1
9152,276,1
9153,420,1
9154,326,1
9155,124,1
9156,596,1
9157,684,1
9158,568,1
9160,133,1
9161,705,1
9162,774,1
9164,179,1
9165,659,1
9166,107,1
9167,68,1
9168,644,1
9170,254,1
9171,475,1
9175,811,1
9176,193,1
9177,852,1
9178,753,1
9179,429,1
9180,75,1
9183,727,1
9184,303,1
9185,86,1
9186,186,1
9187,989,1
9188,244,1
9189,938,1
9190,947,1
9193,84,1
9195,319,1
9196,216,1
9197,199,1
9198,312,1
9199,315,1
9200,883,1
9201,281,1
9202,782,1
9203,875,1
9205,998,1
9206,318,1
9207,66,1
9208,167,1
9212,287,1
9213,674,1
9214,604,1
9215,361,1
9216,981,1
9217,655,1
9218,14,1
9220,178,1
9222,481,1
9223,537,1
9224,552,1
9225,916,1
9226,703,1
9228,586,1
9229,828,1
9230,339,1
9232,600,1
9234,661,1
9235,112,1
9236,465,1
9237,824,1
9238,273,1
9239,895,1
9240,152,1
9242,496,1
9243,949,1
9244,201,1
9245,404,1
9246,529,1
9247,401,1
9248,118,1
9249,97,1
9250,297,1
9252,134,1
9253,731,1
9254,794,1
9255,701,1
9256,786,1
9257,602,1
9258,198,1
9259,816,1
9260,914,1
9262,8,1
9263,777,1
9264,366,1
9265,693,1
9267,447,1
9269,710,1
9273,718,1
9274,999,1
9276,72,1
9277,841,1
9278,148,1
9279,940,1
9280,311,1
9282,725,1
9285,117,1
9286,402,1
9287,69,1
9288,910,1
9290,432,1
9291,251,1
9292,78,1
9293,184,1
9294,241,1
9296,745,1
9297,743,1
9298,181,1
9300,719,1
9301,672,1
9303,5,1
9304,764,1
9305,406,1
9307,300,1
9309,368,1
9310,393,1
9311,317,1
9312,548,1
9313,228,1
9314,189,1
9315,650,1
9316,702,1
9317,821,1
9318,413,1
9319,800,1
9321,16,1
9322,59,1
9323,206,1
9324,272,1
9325,334,1
9326,683,1
9328,474,1
9330,992,1
9331,51,1
9332,106,1
9333,7,1
9334,882,1
9335,557,1
9337,158,1
9339,257,1
9340,328,1
9342,642,1
9344,428,1
9346,231,1
9347,410,1
9349,779,1
9351,707,1
9352,878,1
9353,2,1
9355,356,1
9357,261,1
9358,926,1
9360,675,1
9361,662,1
9362,654,1
9364,711,1
9366,236,1
9367,310,1
9368,48,1
9369,928,1
9371,399,1
9372,372,1
9373,682,1
9374,30,1
9375,320,1
9376,520,1
9378,508,1
9379,536,1
9380,210,1
9381,522,1
9384,757,1
9386,61,1
9388,607,1
9389,36,1
9390,635,1
9391,262,1
9394,772,1
9395,639,1
9396,71,1
9397,945,1
9398,932,1
9401,131,1
9402,349,1
9403,128,1
9404,933,1
9405,19,1
9406,820,1
9407,966,1
9408,660,1
9410,864,1
9412,290,1
9413,426,1
9414,706,1
9415,419,1
9417,492,1
9418,15,1
9419,649,1
9421,798,1
9422,872,1
9423,249,1
9425,936,1
9426,528,1
9427,879,1
9429,677,1
9431,308,1
9432,678,1
9434,831,1
9435,544,1
9436,45,1
9437,164,1
9441,378,1
9442,669,1
9443,752,1
9444,513,1
9446,163,1
9447,458,1
9448,756,1
9449,4,1
9450,240,1
9451,427,1
9452,737,1
9453,27,1
9454,556,1
9456,804,1
9457,740,1
9458,374,1
9459,934,1
9460,577,1
9461,288,1
9462,810,1
9464,53,1
9465,126,1
9466,348,1
9467,150,1
9468,850,1
9469,676,1
9470,637,1
9471,809,1
9472,333,1
9473,860,1
9475,73,1
9476,763,1
9477,533,1
9478,857,1
9479,63,1
9480,169,1
9481,155,1
9484,997,1
9485,746,1
9487,1,1
9488,874,1
9489,494,1
9491,638,1
9492,887,1
9493,156,1
9494,386,1
9495,252,1
9496,587,1
9498,440,1
9499,407,1
9501,188,1
9502,691,1
9504,322,1
9505,417,1
9506,479,1
9507,55,1
9508,125,1
9509,506,1
9510,145,1
9511,524,1
9512,285,1
9513,98,1
9514,116,1
9515,700,1
9516,972,1
9518,555,1
9519,352,1
9520,995,1
9521,60,1
9522,409,1
9523,842,1
9524,142,1
9525,785,1
9527,289,1
9529,805,1
9531,362,1
9532,720,1
9533,371,1
9534,376,1
9535,460,1
9536,54,1
9537,491,1
9538,728,1
9539,768,1
9540,631,1
9541,903,1
9542,965,1
9547,744,1
9548,657,1
9549,383,1
9550,325,1
9551,248,1
9555,192,1
9556,646,1
9558,640,1
9560,239,1
9561,330,1
9562,919,1
9563,438,1
9564,42,1
9565,717,1
9568,909,1
9569,79,1
9571,77,1
9572,20,1
9573,38,1
9575,814,1
9576,840,1
9577,483,1
9579,67,1
9581,197,1
9582,832,1
9584,890,1
9585,35,1
9586,813,1
9587,159,1
9591,381,1
9592,993,1
9593,907,1
9594,571,1
9596,304,1
9597,370,1
9599,389,1
9601,94,1
9602,99,1
9603,796,1
9604,95,1
9605,103,1
9607,968,1
9609,833,1
9610,1000,1
9612,267,1
9613,803,1
9614,102,1
9615,927,1
9617,625,1
9619,991,1
9620,161,1
9621,92,1
9622,817,1
9624,375,1
9625,530,1
9626,836,1
9627,473,1
9628,620,1
9629,408,1
9630,10,1
9631,651,1
9632,812,1
9633,546,1
9634,560,1
9635,425,1
9637,964,1
9638,931,1
9639,424,1
9640,151,1
9641,337,1
9642,519,1
9643,603,1
9644,673,1
9645,351,1
9646,25,1
9647,990,1
9648,324,1
9649,918,1
9650,512,1
9651,6,1
9652,825,1
9653,250,1
9656,394,1
9659,905,1
9660,784,1
9661,526,1
9662,56,1
9663,722,1
9665,450,1
9668,22,1
9669,994,1
9670,627,1
9672,136,1
9673,335,1
9674,130,1
9677,380,1
9679,377,1
9680,144,1
9681,549,1
9682,535,1
9684,681,1
9685,658,1
9686,807,1
9687,466,1
9688,379,1
9690,213,1
9691,597,1
9692,369,1
9693,140,1
9694,171,1
9695,987,1
9698,340,1
9699,434,1
9700,795,1
9702,641,1
9704,502,1
9705,141,1
9706,542,1
9707,939,1
9708,62,1
9709,33,1
9710,778,1
9711,839,1
9712,645,1
9713,416,1
9714,247,1
9715,687,1
9716,738,1
9719,912,1
9720,129,1
9722,449,1
9723,547,1
9724,384,1
9725,575,1
9727,613,1
9728,108,1
9729,730,1
9730,57,1
9731,464,1
9732,255,1
9733,608,1
9734,500,1
9736,986,1
9737,829,1
9738,392,1
9739,630,1
9740,412,1
9741,956,1
9742,137,1
9743,726,1
9744,422,1
9745,610,1
9746,667,1
9747,942,1
9748,85,1
9749,886,1
9751,826,1
9752,589,1
9753,780,1
9755,332,1
9757,517,1
9758,958,1
9759,323,1
9760,712,1
9764,423,1
9765,516,1
9766,382,1
9767,220,1
9768,484,1
9769,50,1
9770,930,1
9775,238,1
9776,436,1
9777,617,1
9778,202,1
9779,146,1
9780,316,1
9782,741,1
9783,390,1
9785,819,1
9787,9,1
9789,135,1
9790,456,1
9792,230,1
9793,495,1
9795,569,1
9796,153,1
9797,225,1
9799,553,1
9800,773,1
9801,113,1
9802,360,1
9804,793,1
9805,313,1
9806,943,1
9807,243,1
9808,509,1
9809,554,1
9810,398,1
9811,397,1
9812,563,1
9814,87,1
9817,618,1
9818,268,1
9819,583,1
9820,405,1
9824,851,1
9825,34,1
9826,121,1
9827,867,1
9830,18,1
9832,985,1
9833,505,1
9834,978,1
9835,299,1
9837,952,1
9838,205,1
9839,489,1
9840,64,1
9841,759,1
9842,421,1
9843,302,1
9845,532,1
9846,971,1
9847,233,1
9848,873,1
9849,734,1
9850,827,1
9851,182,1
9852,944,1
9853,345,1
9854,663,1
9855,37,1
9857,715,1
9858,787,1
9859,260,1
9860,694,1
9861,282,1
9862,692,1
9863,643,1
9864,898,1
9865,598,1
9867,923,1
9868,338,1
9869,877,1
9872,274,1
9875,967,1
9876,859,1
9877,431,1
9878,834,1
9879,578,1
9880,929,1
9883,801,1
9884,147,1
9885,284,1
9886,983,1
9887,781,1
9889,31,1
9890,538,1
9891,941,1
9893,114,1
9894,849,1
9895,462,1
9896,444,1
9897,279,1
9898,463,1
9899,975,1
9900,884,1
9901,539,1
9902,511,1
9905,762,1
9906,624,1
9907,344,1
9908,265,1
9910,565,1
9911,32,1
9912,441,1
9913,309,1
9914,558,1
9915,514,1
9916,770,1
9917,269,1
9918,411,1
9920,823,1
9921,632,1
9922,584,1
9924,736,1
9925,497,1
9926,58,1
9927,977,1
9928,733,1
9929,354,1
9930,451,1
9931,396,1
9932,570,1
9933,270,1
9934,185,1
9935,561,1
9936,480,1
9937,341,1
9938,889,1
9939,154,1
9940,105,1
9941,174,1
9943,614,1
9944,869,1
9945,856,1
9946,246,1
9947,23,1
9949,305,1
9950,487,1
9952,295,1
9953,904,1
9955,893,1
9956,920,1
9957,690,1
9958,818,1
9959,970,1
9960,208,1
9961,221,1
9962,688,1
9963,280,1
9965,653,1
9967,209,1
9968,293,1
9969,234,1
9970,258,1
9971,358,1
9972,207,1
9974,476,1
9975,331,1
9976,792,1
9977,190,1
9978,278,1
9979,758,1
9981,327,1
9982,367,1
9983,623,1
9984,177,1
9985,96,1
9986,504,1
9987,652,1
9988,599,1
9990,41,1
9992,950,1
9993,525,1
9995,415,1
9996,899,1
9998,925,1
9999,948,1
10000,984,1
