Period,PeriodWeight,EventId,Year,Month,Day,Hour,Minute,SummaryId,SampleType,ChanceOfLoss,MeanLoss,SDLoss,MaxLoss,FootprintExposure,MeanImpactedExposure,MaxImpactedExposure
1,0.001000,1,1,1,1,0,0,1,1,0.0000,198404.00,0.00,1930000.00,1930000.00,1930000.00,1930000.00
1,0.001000,1,1,1,1,0,0,1,2,1.0000,181563.16,157205.03,1930000.00,1930000.00,1930000.00,1930000.00
2,0.001000,2,2,1,1,0,0,1,1,0.0000,755788.00,0.00,1930000.00,1930000.00,1930000.00,1930000.00
2,0.001000,2,2,1,1,0,0,1,2,1.0000,735891.88,479144.34,1930000.00,1930000.00,1930000.00,1930000.00
2,0.001000,3,2,1,1,0,0,1,1,0.0000,1930000.00,0.00,1930000.00,1930000.00,1930000.00,1930000.00
2,0.001000,3,2,1,1,0,0,1,2,1.0000,1930000.00,0.00,1930000.00,1930000.00,1930000.00,1930000.00
5,0.001000,5,5,1,1,0,0,1,1,0.0000,755788.00,0.00,1930000.00,1930000.00,1930000.00,1930000.00
5,0.001000,5,5,1,1,0,0,1,2,1.0000,764938.69,247255.06,1930000.00,1930000.00,1930000.00,1930000.00
8,0.001000,12,8,1,1,0,0,1,1,0.0000,198404.00,0.00,1930000.00,1930000.00,1930000.00,1930000.00
8,0.001000,12,8,1,1,0,0,1,2,1.0000,149753.66,120861.57,1930000.00,1930000.00,1930000.00,1930000.00
9,0.001000,17,9,1,1,0,0,1,1,0.0000,198404.00,0.00,1930000.00,1930000.00,1930000.00,1930000.00
9,0.001000,17,9,1,1,0,0,1,2,0.9000,181579.12,244245.67,1930000.00,1930000.00,1737000.00,1930000.00
16,0.001000,27,16,1,1,0,0,1,1,0.0000,1331700.00,0.00,1930000.00,1930000.00,1930000.00,1930000.00
16,0.001000,27,16,1,1,0,0,1,2,1.0000,1297796.62,404313.19,1930000.00,1930000.00,1930000.00,1930000.00
19,0.001000,32,19,1,1,0,0,1,1,0.0000,198404.00,0.00,1930000.00,1930000.00,1930000.00,1930000.00
19,0.001000,32,19,1,1,0,0,1,2,0.8000,255076.34,222501.83,1930000.00,1930000.00,1544000.00,1930000.00
19,0.001000,33,19,1,1,0,0,1,1,0.0000,198404.00,0.00,1930000.00,1930000.00,1930000.00,1930000.00
19,0.001000,33,19,1,1,0,0,1,2,0.9000,177177.03,191480.66,1930000.00,1930000.00,1737000.00,1930000.00
20,0.001000,34,20,1,1,0,0,1,1,0.0000,198404.00,0.00,1930000.00,1930000.00,1930000.00,1930000.00
20,0.001000,34,20,1,1,0,0,1,2,0.8000,162201.84,191726.55,1930000.00,1930000.00,1544000.00,1930000.00
22,0.001000,36,22,1,1,0,0,1,1,0.0000,198404.00,0.00,1930000.00,1930000.00,1930000.00,1930000.00
22,0.001000,36,22,1,1,0,0,1,2,0.8000,155454.94,154058.48,1930000.00,1930000.00,1544000.00,1930000.00
22,0.001000,37,22,1,1,0,0,1,1,0.0000,198404.00,0.00,1930000.00,1930000.00,1930000.00,1930000.00
22,0.001000,37,22,1,1,0,0,1,2,0.9000,152087.06,195896.06,1930000.00,1930000.00,1737000.00,1930000.00
23,0.001000,38,23,1,1,0,0,1,1,0.0000,198404.00,0.00,1930000.00,1930000.00,1930000.00,1930000.00
23,0.001000,38,23,1,1,0,0,1,2,0.9000,171774.25,248711.58,1930000.00,1930000.00,1737000.00,1930000.00
25,0.001000,41,25,1,1,0,0,1,1,0.0000,198404.00,0.00,1930000.00,1930000.00,1930000.00,1930000.00
25,0.001000,41,25,1,1,0,0,1,2,0.7000,200368.14,187168.81,1930000.00,1930000.00,1351000.00,1930000.00
25,0.001000,43,25,1,1,0,0,1,1,0.0000,1930000.00,0.00,1930000.00,1930000.00,1930000.00,1930000.00
25,0.001000,43,25,1,1,0,0,1,2,1.0000,1930000.00,0.00,1930000.00,1930000.00,1930000.00,1930000.00
26,0.001000,44,26,1,1,0,0,1,1,0.0000,755788.00,0.00,1930000.00,1930000.00,1930000.00,1930000.00
26,0.001000,44,26,1,1,0,0,1,2,1.0000,730372.88,415871.12,1930000.00,1930000.00,1930000.00,1930000.00
27,0.001000,46,27,1,1,0,0,1,1,0.0000,99202.00,0.00,965000.00,1930000.00,1930000.00,1930000.00
27,0.001000,46,27,1,1,0,0,1,2,0.8000,67850.84,88546.57,965000.00,1930000.00,1544000.00,1930000.00
31,0.001000,48,31,1,1,0,0,1,1,0.0000,198404.00,0.00,1930000.00,1930000.00,1930000.00,1930000.00
31,0.001000,48,31,1,1,0,0,1,2,0.9000,243613.16,219624.70,1930000.00,1930000.00,1737000.00,1930000.00
32,0.001000,51,32,1,1,0,0,1,1,0.0000,945700.00,0.00,1930000.00,1930000.00,1930000.00,1930000.00
32,0.001000,51,32,1,1,0,0,1,2,1.0000,953494.69,455251.78,1930000.00,1930000.00,1930000.00,1930000.00
41,0.001000,64,41,1,1,0,0,1,1,0.0000,198404.00,0.00,1930000.00,1930000.00,1930000.00,1930000.00
41,0.001000,64,41,1,1,0,0,1,2,0.9000,219686.41,246765.16,1930000.00,1930000.00,1737000.00,1930000.00
41,0.001000,66,41,1,1,0,0,1,1,0.0000,1138700.00,0.00,1930000.00,1930000.00,1930000.00,1930000.00
41,0.001000,66,41,1,1,0,0,1,2,1.0000,1157638.62,359517.03,1930000.00,1930000.00,1930000.00,1930000.00
49,0.001000,72,49,1,1,0,0,1,1,0.0000,382140.00,0.00,1930000.00,1930000.00,1930000.00,1930000.00
49,0.001000,72,49,1,1,0,0,1,2,1.0000,338710.94,265309.31,1930000.00,1930000.00,1930000.00,1930000.00
50,0.001000,74,50,1,1,0,0,1,1,0.0000,198404.00,0.00,1930000.00,1930000.00,1930000.00,1930000.00
50,0.001000,74,50,1,1,0,0,1,2,1.0000,222409.80,224642.92,1930000.00,1930000.00,1930000.00,1930000.00
51,0.001000,75,51,1,1,0,0,1,1,0.0000,198404.00,0.00,1930000.00,1930000.00,1930000.00,1930000.00
51,0.001000,75,51,1,1,0,0,1,2,0.8000,232366.59,290291.50,1930000.00,1930000.00,1544000.00,1930000.00
51,0.001000,76,51,1,1,0,0,1,1,0.0000,198404.00,0.00,1930000.00,1930000.00,1930000.00,1930000.00
51,0.001000,76,51,1,1,0,0,1,2,0.9000,227590.41,169916.00,1930000.00,1930000.00,1737000.00,1930000.00
51,0.001000,78,51,1,1,0,0,1,1,0.0000,198404.00,0.00,1930000.00,1930000.00,1930000.00,1930000.00
51,0.001000,78,51,1,1,0,0,1,2,0.7000,207964.27,336490.53,1930000.00,1930000.00,1351000.00,1930000.00
53,0.001000,79,53,1,1,0,0,1,1,0.0000,382140.00,0.00,1930000.00,1930000.00,1930000.00,1930000.00
53,0.001000,79,53,1,1,0,0,1,2,1.0000,400335.44,251415.25,1930000.00,1930000.00,1930000.00,1930000.00
56,0.001000,84,56,1,1,0,0,1,1,0.0000,382140.00,0.00,1930000.00,1930000.00,1930000.00,1930000.00
56,0.001000,84,56,1,1,0,0,1,2,1.0000,337746.22,205195.53,1930000.00,1930000.00,1930000.00,1930000.00
57,0.001000,85,57,1,1,0,0,1,1,0.0000,198404.00,0.00,1930000.00,1930000.00,1930000.00,1930000.00
57,0.001000,85,57,1,1,0,0,1,2,1.0000,192260.80,183429.94,1930000.00,1930000.00,1930000.00,1930000.00
58,0.001000,87,58,1,1,0,0,1,1,0.0000,198404.00,0.00,1930000.00,1930000.00,1930000.00,1930000.00
58,0.001000,87,58,1,1,0,0,1,2,1.0000,133426.19,146792.97,1930000.00,1930000.00,1930000.00,1930000.00
60,0.001000,89,60,1,1,0,0,1,1,0.0000,198404.00,0.00,1930000.00,1930000.00,1930000.00,1930000.00
60,0.001000,89,60,1,1,0,0,1,2,0.9000,226265.66,245122.20,1930000.00,1930000.00,1737000.00,1930000.00
62,0.001000,92,62,1,1,0,0,1,1,0.0000,198404.00,0.00,1930000.00,1930000.00,1930000.00,1930000.00
62,0.001000,92,62,1,1,0,0,1,2,0.9000,217735.38,198312.88,1930000.00,1930000.00,1737000.00,1930000.00
68,0.001000,102,68,1,1,0,0,1,1,0.0000,198404.00,0.00,1930000.00,1930000.00,1930000.00,1930000.00
68,0.001000,102,68,1,1,0,0,1,2,0.9000,232595.78,224341.14,1930000.00,1930000.00,1737000.00,1930000.00
69,0.001000,105,69,1,1,0,0,1,1,0.0000,198404.00,0.00,1930000.00,1930000.00,1930000.00,1930000.00
69,0.001000,105,69,1,1,0,0,1,2,1.0000,237900.58,283938.38,1930000.00,1930000.00,1930000.00,1930000.00
73,0.001000,109,73,1,1,0,0,1,1,0.0000,198404.00,0.00,1930000.00,1930000.00,1930000.00,1930000.00
73,0.001000,109,73,1,1,0,0,1,2,0.9000,190216.14,169679.36,1930000.00,1930000.00,1737000.00,1930000.00
77,0.001000,115,77,1,1,0,0,1,1,0.0000,382140.00,0.00,1930000.00,1930000.00,1930000.00,1930000.00
77,0.001000,115,77,1,1,0,0,1,2,1.0000,393775.00,248911.97,1930000.00,1930000.00,1930000.00,1930000.00
77,0.001000,116,77,1,1,0,0,1,1,0.0000,198404.00,0.00,1930000.00,1930000.00,1930000.00,1930000.00
77,0.001000,116,77,1,1,0,0,1,2,0.9000,176015.59,149980.14,1930000.00,1930000.00,1737000.00,1930000.00
79,0.001000,119,79,1,1,0,0,1,1,0.0000,198404.00,0.00,1930000.00,1930000.00,1930000.00,1930000.00
79,0.001000,119,79,1,1,0,0,1,2,0.9000,214460.59,234374.09,1930000.00,1930000.00,1737000.00,1930000.00
82,0.001000,120,82,1,1,0,0,1,1,0.0000,198404.00,0.00,1930000.00,1930000.00,1930000.00,1930000.00
82,0.001000,120,82,1,1,0,0,1,2,1.0000,202025.59,138947.70,1930000.00,1930000.00,1930000.00,1930000.00
86,0.001000,125,86,1,1,0,0,1,1,0.0000,198404.00,0.00,1930000.00,1930000.00,1930000.00,1930000.00
86,0.001000,125,86,1,1,0,0,1,2,0.9000,190189.59,297744.69,1930000.00,1930000.00,1737000.00,1930000.00
92,0.001000,132,92,1,1,0,0,1,1,0.0000,198404.00,0.00,1930000.00,1930000.00,1930000.00,1930000.00
92,0.001000,132,92,1,1,0,0,1,2,1.0000,196069.84,230046.08,1930000.00,1930000.00,1930000.00,1930000.00
94,0.001000,134,94,1,1,0,0,1,1,0.0000,198404.00,0.00,1930000.00,1930000.00,1930000.00,1930000.00
94,0.001000,134,94,1,1,0,0,1,2,0.8000,208850.81,323830.56,1930000.00,1930000.00,1544000.00,1930000.00
97,0.001000,137,97,1,1,0,0,1,1,0.0000,382140.00,0.00,1930000.00,1930000.00,1930000.00,1930000.00
97,0.001000,137,97,1,1,0,0,1,2,1.0000,404050.19,283041.16,1930000.00,1930000.00,1930000.00,1930000.00
103,0.001000,145,103,1,1,0,0,1,1,0.0000,198404.00,0.00,1930000.00,1930000.00,1930000.00,1930000.00
103,0.001000,145,103,1,1,0,0,1,2,0.8000,199476.84,194521.36,1930000.00,1930000.00,1544000.00,1930000.00
103,0.001000,147,103,1,1,0,0,1,1,0.0000,198404.00,0.00,1930000.00,1930000.00,1930000.00,1930000.00
103,0.001000,147,103,1,1,0,0,1,2,0.9000,228424.78,224973.84,1930000.00,1930000.00,1737000.00,1930000.00
105,0.001000,148,105,1,1,0,0,1,1,0.0000,198404.00,0.00,1930000.00,1930000.00,1930000.00,1930000.00
105,0.001000,148,105,1,1,0,0,1,2,0.9000,170178.88,226488.39,1930000.00,1930000.00,1737000.00,1930000.00
106,0.001000,149,106,1,1,0,0,1,1,0.0000,198404.00,0.00,1930000.00,1930000.00,1930000.00,1930000.00
106,0.001000,149,106,1,1,0,0,1,2,0.8000,160265.91,194259.38,1930000.00,1930000.00,1544000.00,1930000.00
116,0.001000,161,116,1,1,0,0,1,1,0.0000,198404.00,0.00,1930000.00,1930000.00,1930000.00,1930000.00
116,0.001000,161,116,1,1,0,0,1,2,0.9000,196464.25,217561.14,1930000.00,1930000.00,1737000.00,1930000.00
116,0.001000,162,116,1,1,0,0,1,1,0.0000,198404.00,0.00,1930000.00,1930000.00,1930000.00,1930000.00
116,0.001000,162,116,1,1,0,0,1,2,0.9000,201897.91,183661.88,1930000.00,1930000.00,1737000.00,1930000.00
117,0.001000,164,117,1,1,0,0,1,1,0.0000,198404.00,0.00,1930000.00,1930000.00,1930000.00,1930000.00
117,0.001000,164,117,1,1,0,0,1,2,1.0000,187703.61,277294.84,1930000.00,1930000.00,1930000.00,1930000.00
118,0.001000,166,118,1,1,0,0,1,1,0.0000,99202.00,0.00,965000.00,1930000.00,1930000.00,1930000.00
118,0.001000,166,118,1,1,0,0,1,2,0.7000,117487.31,160515.61,965000.00,1930000.00,1351000.00,1930000.00
121,0.001000,168,121,1,1,0,0,1,1,0.0000,198404.00,0.00,1930000.00,1930000.00,1930000.00,1930000.00
121,0.001000,168,121,1,1,0,0,1,2,0.9000,176054.61,185094.28,1930000.00,1930000.00,1737000.00,1930000.00
130,0.001000,175,130,1,1,0,0,1,1,0.0000,198404.00,0.00,1930000.00,1930000.00,1930000.00,1930000.00
130,0.001000,175,130,1,1,0,0,1,2,1.0000,175024.92,322162.25,1930000.00,1930000.00,1930000.00,1930000.00
130,0.001000,177,130,1,1,0,0,1,1,0.0000,755788.00,0.00,1930000.00,1930000.00,1930000.00,1930000.00
130,0.001000,177,130,1,1,0,0,1,2,1.0000,775306.12,345115.59,1930000.00,1930000.00,1930000.00,1930000.00
130,0.001000,178,130,1,1,0,0,1,1,0.0000,198404.00,0.00,1930000.00,1930000.00,1930000.00,1930000.00
130,0.001000,178,130,1,1,0,0,1,2,1.0000,146957.03,152647.08,1930000.00,1930000.00,1930000.00,1930000.00
134,0.001000,183,134,1,1,0,0,1,1,0.0000,198404.00,0.00,1930000.00,1930000.00,1930000.00,1930000.00
134,0.001000,183,134,1,1,0,0,1,2,0.9000,185059.27,176923.97,1930000.00,1930000.00,1737000.00,1930000.00
137,0.001000,187,137,1,1,0,0,1,1,0.0000,198404.00,0.00,1930000.00,1930000.00,1930000.00,1930000.00
137,0.001000,187,137,1,1,0,0,1,2,0.9000,222243.78,233268.84,1930000.00,1930000.00,1737000.00,1930000.00
140,0.001000,192,140,1,1,0,0,1,1,0.0000,198404.00,0.00,1930000.00,1930000.00,1930000.00,1930000.00
140,0.001000,192,140,1,1,0,0,1,2,0.8000,187015.34,273971.94,1930000.00,1930000.00,1544000.00,1930000.00
142,0.001000,195,142,1,1,0,0,1,1,0.0000,198404.00,0.00,1930000.00,1930000.00,1930000.00,1930000.00
142,0.001000,195,142,1,1,0,0,1,2,0.9000,217194.20,214599.44,1930000.00,1930000.00,1737000.00,1930000.00
142,0.001000,196,142,1,1,0,0,1,1,0.0000,198404.00,0.00,1930000.00,1930000.00,1930000.00,1930000.00
142,0.001000,196,142,1,1,0,0,1,2,1.0000,186948.77,182593.22,1930000.00,1930000.00,1930000.00,1930000.00
146,0.001000,211,146,1,1,0,0,1,1,0.0000,198404.00,0.00,1930000.00,1930000.00,1930000.00,1930000.00
146,0.001000,211,146,1,1,0,0,1,2,1.0000,166718.58,91977.76,1930000.00,1930000.00,1930000.00,1930000.00
148,0.001000,213,148,1,1,0,0,1,1,0.0000,198404.00,0.00,1930000.00,1930000.00,1930000.00,1930000.00
148,0.001000,213,148,1,1,0,0,1,2,1.0000,211001.95,203863.00,1930000.00,1930000.00,1930000.00,1930000.00
151,0.001000,218,151,1,1,0,0,1,1,0.0000,565875.94,0.00,1930000.00,1930000.00,1930000.00,1930000.00
151,0.001000,218,151,1,1,0,0,1,2,1.0000,596160.25,434555.88,1930000.00,1930000.00,1930000.00,1930000.00
152,0.001000,221,152,1,1,0,0,1,1,0.0000,198404.00,0.00,1930000.00,1930000.00,1930000.00,1930000.00
152,0.001000,221,152,1,1,0,0,1,2,0.9000,203077.98,185190.48,1930000.00,1930000.00,1737000.00,1930000.00
152,0.001000,222,152,1,1,0,0,1,1,0.0000,198404.00,0.00,1930000.00,1930000.00,1930000.00,1930000.00
152,0.001000,222,152,1,1,0,0,1,2,0.8000,216685.80,259957.67,1930000.00,1930000.00,1544000.00,1930000.00
158,0.001000,231,158,1,1,0,0,1,1,0.0000,198404.00,0.00,1930000.00,1930000.00,1930000.00,1930000.00
158,0.001000,231,158,1,1,0,0,1,2,0.9000,170600.83,155181.12,1930000.00,1930000.00,1737000.00,1930000.00
159,0.001000,233,159,1,1,0,0,1,1,0.0000,1930000.00,0.00,1930000.00,1930000.00,1930000.00,1930000.00
159,0.001000,233,159,1,1,0,0,1,2,1.0000,1930000.00,0.00,1930000.00,1930000.00,1930000.00,1930000.00
161,0.001000,237,161,1,1,0,0,1,1,0.0000,382140.00,0.00,1930000.00,1930000.00,1930000.00,1930000.00
161,0.001000,237,161,1,1,0,0,1,2,1.0000,359675.00,276135.81,1930000.00,1930000.00,1930000.00,1930000.00
164,0.001000,241,164,1,1,0,0,1,1,0.0000,198404.00,0.00,1930000.00,1930000.00,1930000.00,1930000.00
164,0.001000,241,164,1,1,0,0,1,2,0.9000,180651.33,151159.72,1930000.00,1930000.00,1737000.00,1930000.00
167,0.001000,244,167,1,1,0,0,1,1,0.0000,198404.00,0.00,1930000.00,1930000.00,1930000.00,1930000.00
167,0.001000,244,167,1,1,0,0,1,2,1.0000,215927.17,245223.64,1930000.00,1930000.00,1930000.00,1930000.00
169,0.001000,249,169,1,1,0,0,1,1,0.0000,198404.00,0.00,1930000.00,1930000.00,1930000.00,1930000.00
169,0.001000,249,169,1,1,0,0,1,2,0.9000,222322.58,169786.34,1930000.00,1930000.00,1737000.00,1930000.00
173,0.001000,254,173,1,1,0,0,1,1,0.0000,755788.00,0.00,1930000.00,1930000.00,1930000.00,1930000.00
173,0.001000,254,173,1,1,0,0,1,2,1.0000,782966.31,409133.69,1930000.00,1930000.00,1930000.00,1930000.00
174,0.001000,256,174,1,1,0,0,1,1,0.0000,198404.00,0.00,1930000.00,1930000.00,1930000.00,1930000.00
174,0.001000,256,174,1,1,0,0,1,2,0.8000,166767.47,179766.36,1930000.00,1930000.00,1544000.00,1930000.00
175,0.001000,258,175,1,1,0,0,1,1,0.0000,198404.00,0.00,1930000.00,1930000.00,1930000.00,1930000.00
175,0.001000,258,175,1,1,0,0,1,2,0.9000,215881.12,219833.39,1930000.00,1930000.00,1737000.00,1930000.00
177,0.001000,261,177,1,1,0,0,1,1,0.0000,198404.00,0.00,1930000.00,1930000.00,1930000.00,1930000.00
177,0.001000,261,177,1,1,0,0,1,2,0.9000,168584.53,128582.03,1930000.00,1930000.00,1737000.00,1930000.00
192,0.001000,282,192,1,1,0,0,1,1,0.0000,198404.00,0.00,1930000.00,1930000.00,1930000.00,1930000.00
192,0.001000,282,192,1,1,0,0,1,2,0.8000,181593.86,193568.22,1930000.00,1930000.00,1544000.00,1930000.00
193,0.001000,283,193,1,1,0,0,1,1,0.0000,198404.00,0.00,1930000.00,1930000.00,1930000.00,1930000.00
193,0.001000,283,193,1,1,0,0,1,2,0.9000,179571.12,158467.36,1930000.00,1930000.00,1737000.00,1930000.00
194,0.001000,286,194,1,1,0,0,1,1,0.0000,198404.00,0.00,1930000.00,1930000.00,1930000.00,1930000.00
194,0.001000,286,194,1,1,0,0,1,2,0.6000,227595.67,270159.44,1930000.00,1930000.00,1158000.00,1930000.00
195,0.001000,287,195,1,1,0,0,1,1,0.0000,382140.00,0.00,1930000.00,1930000.00,1930000.00,1930000.00
195,0.001000,287,195,1,1,0,0,1,2,1.0000,349647.22,248805.78,1930000.00,1930000.00,1930000.00,1930000.00
198,0.001000,289,198,1,1,0,0,1,1,0.0000,198404.00,0.00,1930000.00,1930000.00,1930000.00,1930000.00
198,0.001000,289,198,1,1,0,0,1,2,0.9000,226158.34,263057.44,1930000.00,1930000.00,1737000.00,1930000.00
198,0.001000,290,198,1,1,0,0,1,1,0.0000,198404.00,0.00,1930000.00,1930000.00,1930000.00,1930000.00
198,0.001000,290,198,1,1,0,0,1,2,1.0000,217546.17,192535.36,1930000.00,1930000.00,1930000.00,1930000.00
198,0.001000,291,198,1,1,0,0,1,1,0.0000,1745878.00,0.00,1930000.00,1930000.00,1930000.00,1930000.00
198,0.001000,291,198,1,1,0,0,1,2,1.0000,1573236.62,441358.38,1930000.00,1930000.00,1930000.00,1930000.00
199,0.001000,292,199,1,1,0,0,1,1,0.0000,945700.00,0.00,1930000.00,1930000.00,1930000.00,1930000.00
199,0.001000,292,199,1,1,0,0,1,2,1.0000,923920.38,330278.41,1930000.00,1930000.00,1930000.00,1930000.00
201,0.001000,293,201,1,1,0,0,1,1,0.0000,198404.00,0.00,1930000.00,1930000.00,1930000.00,1930000.00
201,0.001000,293,201,1,1,0,0,1,2,0.9000,187341.34,217803.09,1930000.00,1930000.00,1737000.00,1930000.00
202,0.001000,294,202,1,1,0,0,1,1,0.0000,1323980.00,0.00,1930000.00,1930000.00,1930000.00,1930000.00
202,0.001000,294,202,1,1,0,0,1,2,1.0000,1342925.62,295194.72,1930000.00,1930000.00,1930000.00,1930000.00
206,0.001000,297,206,1,1,0,0,1,1,0.0000,198404.00,0.00,1930000.00,1930000.00,1930000.00,1930000.00
206,0.001000,297,206,1,1,0,0,1,2,1.0000,220536.34,198027.83,1930000.00,1930000.00,1930000.00,1930000.00
209,0.001000,301,209,1,1,0,0,1,1,0.0000,1930000.00,0.00,1930000.00,1930000.00,1930000.00,1930000.00
209,0.001000,301,209,1,1,0,0,1,2,1.0000,1664719.00,370226.31,1930000.00,1930000.00,1930000.00,1930000.00
213,0.001000,307,213,1,1,0,0,1,1,0.0000,945700.00,0.00,1930000.00,1930000.00,1930000.00,1930000.00
213,0.001000,307,213,1,1,0,0,1,2,1.0000,920124.31,262992.19,1930000.00,1930000.00,1930000.00,1930000.00
219,0.001000,309,219,1,1,0,0,1,1,0.0000,198404.00,0.00,1930000.00,1930000.00,1930000.00,1930000.00
219,0.001000,309,219,1,1,0,0,1,2,1.0000,210839.95,186478.08,1930000.00,1930000.00,1930000.00,1930000.00
219,0.001000,310,219,1,1,0,0,1,1,0.0000,198404.00,0.00,1930000.00,1930000.00,1930000.00,1930000.00
219,0.001000,310,219,1,1,0,0,1,2,0.9000,196706.78,162383.81,1930000.00,1930000.00,1737000.00,1930000.00
225,0.001000,317,225,1,1,0,0,1,1,0.0000,1138700.00,0.00,1930000.00,1930000.00,1930000.00,1930000.00
225,0.001000,317,225,1,1,0,0,1,2,1.0000,1131844.12,440360.34,1930000.00,1930000.00,1930000.00,1930000.00
228,0.001000,320,228,1,1,0,0,1,1,0.0000,198404.00,0.00,1930000.00,1930000.00,1930000.00,1930000.00
228,0.001000,320,228,1,1,0,0,1,2,0.9000,211863.41,162083.98,1930000.00,1930000.00,1737000.00,1930000.00
229,0.001000,321,229,1,1,0,0,1,1,0.0000,198404.00,0.00,1930000.00,1930000.00,1930000.00,1930000.00
229,0.001000,321,229,1,1,0,0,1,2,0.8000,190726.50,164496.66,1930000.00,1930000.00,1544000.00,1930000.00
233,0.001000,327,233,1,1,0,0,1,1,0.0000,198404.00,0.00,1930000.00,1930000.00,1930000.00,1930000.00
233,0.001000,327,233,1,1,0,0,1,2,0.8000,230037.92,198643.44,1930000.00,1930000.00,1544000.00,1930000.00
234,0.001000,328,234,1,1,0,0,1,1,0.0000,198404.00,0.00,1930000.00,1930000.00,1930000.00,1930000.00
234,0.001000,328,234,1,1,0,0,1,2,1.0000,209625.66,243596.83,1930000.00,1930000.00,1930000.00,1930000.00
240,0.001000,333,240,1,1,0,0,1,1,0.0000,1516980.00,0.00,1930000.00,1930000.00,1930000.00,1930000.00
240,0.001000,333,240,1,1,0,0,1,2,1.0000,1449608.00,324533.16,1930000.00,1930000.00,1930000.00,1930000.00
241,0.001000,335,241,1,1,0,0,1,1,0.0000,198404.00,0.00,1930000.00,1930000.00,1930000.00,1930000.00
241,0.001000,335,241,1,1,0,0,1,2,0.7000,206169.30,214863.83,1930000.00,1930000.00,1351000.00,1930000.00
241,0.001000,336,241,1,1,0,0,1,1,0.0000,198404.00,0.00,1930000.00,1930000.00,1930000.00,1930000.00
241,0.001000,336,241,1,1,0,0,1,2,0.8000,198986.09,178980.92,1930000.00,1930000.00,1544000.00,1930000.00
244,0.001000,339,244,1,1,0,0,1,1,0.0000,198404.00,0.00,1930000.00,1930000.00,1930000.00,1930000.00
244,0.001000,339,244,1,1,0,0,1,2,0.8000,182282.12,175897.78,1930000.00,1930000.00,1544000.00,1930000.00
249,0.001000,345,249,1,1,0,0,1,1,0.0000,198404.00,0.00,1930000.00,1930000.00,1930000.00,1930000.00
249,0.001000,345,249,1,1,0,0,1,2,1.0000,158704.53,122240.45,1930000.00,1930000.00,1930000.00,1930000.00
251,0.001000,347,251,1,1,0,0,1,1,0.0000,99202.00,0.00,965000.00,1930000.00,1930000.00,1930000.00
251,0.001000,347,251,1,1,0,0,1,2,0.7000,120135.48,147416.30,965000.00,1930000.00,1351000.00,1930000.00
252,0.001000,349,252,1,1,0,0,1,1,0.0000,198404.00,0.00,1930000.00,1930000.00,1930000.00,1930000.00
252,0.001000,349,252,1,1,0,0,1,2,0.7000,196485.39,170639.03,1930000.00,1930000.00,1351000.00,1930000.00
252,0.001000,350,252,1,1,0,0,1,1,0.0000,198404.00,0.00,1930000.00,1930000.00,1930000.00,1930000.00
252,0.001000,350,252,1,1,0,0,1,2,1.0000,162824.75,134861.91,1930000.00,1930000.00,1930000.00,1930000.00
257,0.001000,359,257,1,1,0,0,1,1,0.0000,198404.00,0.00,1930000.00,1930000.00,1930000.00,1930000.00
257,0.001000,359,257,1,1,0,0,1,2,1.0000,191078.53,194157.88,1930000.00,1930000.00,1930000.00,1930000.00
257,0.001000,360,257,1,1,0,0,1,1,0.0000,198404.00,0.00,1930000.00,1930000.00,1930000.00,1930000.00
257,0.001000,360,257,1,1,0,0,1,2,1.0000,177388.30,229088.59,1930000.00,1930000.00,1930000.00,1930000.00
258,0.001000,362,258,1,1,0,0,1,1,0.0000,198404.00,0.00,1930000.00,1930000.00,1930000.00,1930000.00
258,0.001000,362,258,1,1,0,0,1,2,0.9000,201215.69,219358.36,1930000.00,1930000.00,1737000.00,1930000.00
258,0.001000,364,258,1,1,0,0,1,1,0.0000,198404.00,0.00,1930000.00,1930000.00,1930000.00,1930000.00
258,0.001000,364,258,1,1,0,0,1,2,1.0000,216881.95,161137.84,1930000.00,1930000.00,1930000.00,1930000.00
262,0.001000,367,262,1,1,0,0,1,1,0.0000,198404.00,0.00,1930000.00,1930000.00,1930000.00,1930000.00
262,0.001000,367,262,1,1,0,0,1,2,0.8000,201154.56,282976.78,1930000.00,1930000.00,1544000.00,1930000.00
263,0.001000,369,263,1,1,0,0,1,1,0.0000,755788.00,0.00,1930000.00,1930000.00,1930000.00,1930000.00
263,0.001000,369,263,1,1,0,0,1,2,1.0000,750006.31,293355.41,1930000.00,1930000.00,1930000.00,1930000.00
266,0.001000,372,266,1,1,0,0,1,1,0.0000,198404.00,0.00,1930000.00,1930000.00,1930000.00,1930000.00
266,0.001000,372,266,1,1,0,0,1,2,0.8000,213715.05,277859.75,1930000.00,1930000.00,1544000.00,1930000.00
267,0.001000,375,267,1,1,0,0,1,1,0.0000,198404.00,0.00,1930000.00,1930000.00,1930000.00,1930000.00
267,0.001000,375,267,1,1,0,0,1,2,1.0000,203470.22,233254.95,1930000.00,1930000.00,1930000.00,1930000.00
270,0.001000,380,270,1,1,0,0,1,1,0.0000,198404.00,0.00,1930000.00,1930000.00,1930000.00,1930000.00
270,0.001000,380,270,1,1,0,0,1,2,0.8000,154847.45,191432.44,1930000.00,1930000.00,1544000.00,1930000.00
273,0.001000,383,273,1,1,0,0,1,1,0.0000,198404.00,0.00,1930000.00,1930000.00,1930000.00,1930000.00
273,0.001000,383,273,1,1,0,0,1,2,1.0000,231006.28,220939.81,1930000.00,1930000.00,1930000.00,1930000.00
274,0.001000,386,274,1,1,0,0,1,1,0.0000,198404.00,0.00,1930000.00,1930000.00,1930000.00,1930000.00
274,0.001000,386,274,1,1,0,0,1,2,0.9000,202099.14,186230.44,1930000.00,1930000.00,1737000.00,1930000.00
276,0.001000,389,276,1,1,0,0,1,1,0.0000,382140.00,0.00,1930000.00,1930000.00,1930000.00,1930000.00
276,0.001000,389,276,1,1,0,0,1,2,1.0000,403500.28,295197.53,1930000.00,1930000.00,1930000.00,1930000.00
280,0.001000,394,280,1,1,0,0,1,1,0.0000,198404.00,0.00,1930000.00,1930000.00,1930000.00,1930000.00
280,0.001000,394,280,1,1,0,0,1,2,0.9000,182272.02,167607.36,1930000.00,1930000.00,1737000.00,1930000.00
285,0.001000,400,285,1,1,0,0,1,1,0.0000,198404.00,0.00,1930000.00,1930000.00,1930000.00,1930000.00
285,0.001000,400,285,1,1,0,0,1,2,0.9000,206263.98,161602.67,1930000.00,1930000.00,1737000.00,1930000.00
288,0.001000,402,288,1,1,0,0,1,1,0.0000,198404.00,0.00,1930000.00,1930000.00,1930000.00,1930000.00
288,0.001000,402,288,1,1,0,0,1,2,1.0000,224224.58,224536.69,1930000.00,1930000.00,1930000.00,1930000.00
293,0.001000,408,293,1,1,0,0,1,1,0.0000,1516980.00,0.00,1930000.00,1930000.00,1930000.00,1930000.00
293,0.001000,408,293,1,1,0,0,1,2,1.0000,1473661.88,287744.19,1930000.00,1930000.00,1930000.00,1930000.00
306,0.001000,423,306,1,1,0,0,1,1,0.0000,382140.00,0.00,1930000.00,1930000.00,1930000.00,1930000.00
306,0.001000,423,306,1,1,0,0,1,2,1.0000,418700.19,322337.75,1930000.00,1930000.00,1930000.00,1930000.00
308,0.001000,424,308,1,1,0,0,1,1,0.0000,1323980.00,0.00,1930000.00,1930000.00,1930000.00,1930000.00
308,0.001000,424,308,1,1,0,0,1,2,1.0000,1261452.75,402669.59,1930000.00,1930000.00,1930000.00,1930000.00
310,0.001000,429,310,1,1,0,0,1,1,0.0000,198404.00,0.00,1930000.00,1930000.00,1930000.00,1930000.00
310,0.001000,429,310,1,1,0,0,1,2,0.9000,216701.70,165267.27,1930000.00,1930000.00,1737000.00,1930000.00
311,0.001000,431,311,1,1,0,0,1,1,0.0000,1323980.00,0.00,1930000.00,1930000.00,1930000.00,1930000.00
311,0.001000,431,311,1,1,0,0,1,2,1.0000,1291760.38,390002.28,1930000.00,1930000.00,1930000.00,1930000.00
316,0.001000,435,316,1,1,0,0,1,1,0.0000,755788.00,0.00,1930000.00,1930000.00,1930000.00,1930000.00
316,0.001000,435,316,1,1,0,0,1,2,1.0000,755754.56,450306.91,1930000.00,1930000.00,1930000.00,1930000.00
317,0.001000,441,317,1,1,0,0,1,1,0.0000,198404.00,0.00,1930000.00,1930000.00,1930000.00,1930000.00
317,0.001000,441,317,1,1,0,0,1,2,0.9000,227537.17,225563.73,1930000.00,1930000.00,1737000.00,1930000.00
317,0.001000,442,317,1,1,0,0,1,1,0.0000,198404.00,0.00,1930000.00,1930000.00,1930000.00,1930000.00
317,0.001000,442,317,1,1,0,0,1,2,1.0000,203156.81,166110.25,1930000.00,1930000.00,1930000.00,1930000.00
318,0.001000,444,318,1,1,0,0,1,1,0.0000,99202.00,0.00,965000.00,1930000.00,1930000.00,1930000.00
318,0.001000,444,318,1,1,0,0,1,2,0.5000,117266.36,147424.97,965000.00,1930000.00,965000.00,1930000.00
318,0.001000,445,318,1,1,0,0,1,1,0.0000,198404.00,0.00,1930000.00,1930000.00,1930000.00,1930000.00
318,0.001000,445,318,1,1,0,0,1,2,0.9000,211137.12,184766.89,1930000.00,1930000.00,1737000.00,1930000.00
319,0.001000,447,319,1,1,0,0,1,1,0.0000,99202.00,0.00,965000.00,1930000.00,1930000.00,1930000.00
319,0.001000,447,319,1,1,0,0,1,2,0.7000,101610.88,122804.49,965000.00,1930000.00,1351000.00,1930000.00
326,0.001000,456,326,1,1,0,0,1,1,0.0000,198404.00,0.00,1930000.00,1930000.00,1930000.00,1930000.00
326,0.001000,456,326,1,1,0,0,1,2,1.0000,182386.09,112897.03,1930000.00,1930000.00,1930000.00,1930000.00
328,0.001000,458,328,1,1,0,0,1,1,0.0000,198404.00,0.00,1930000.00,1930000.00,1930000.00,1930000.00
328,0.001000,458,328,1,1,0,0,1,2,0.8000,207019.78,175209.73,1930000.00,1930000.00,1544000.00,1930000.00
329,0.001000,460,329,1,1,0,0,1,1,0.0000,198404.00,0.00,1930000.00,1930000.00,1930000.00,1930000.00
329,0.001000,460,329,1,1,0,0,1,2,0.9000,257719.58,209045.08,1930000.00,1930000.00,1737000.00,1930000.00
331,0.001000,463,331,1,1,0,0,1,1,0.0000,99202.00,0.00,965000.00,1930000.00,1930000.00,1930000.00
331,0.001000,463,331,1,1,0,0,1,2,0.8000,74444.69,86640.05,965000.00,1930000.00,1544000.00,1930000.00
333,0.001000,467,333,1,1,0,0,1,1,0.0000,198404.00,0.00,1930000.00,1930000.00,1930000.00,1930000.00
333,0.001000,467,333,1,1,0,0,1,2,0.8000,159660.42,191100.02,1930000.00,1930000.00,1544000.00,1930000.00
334,0.001000,468,334,1,1,0,0,1,1,0.0000,198404.00,0.00,1930000.00,1930000.00,1930000.00,1930000.00
334,0.001000,468,334,1,1,0,0,1,2,1.0000,206622.84,180074.86,1930000.00,1930000.00,1930000.00,1930000.00
337,0.001000,477,337,1,1,0,0,1,1,0.0000,198404.00,0.00,1930000.00,1930000.00,1930000.00,1930000.00
337,0.001000,477,337,1,1,0,0,1,2,0.8000,227211.72,301728.59,1930000.00,1930000.00,1544000.00,1930000.00
341,0.001000,485,341,1,1,0,0,1,1,0.0000,198404.00,0.00,1930000.00,1930000.00,1930000.00,1930000.00
341,0.001000,485,341,1,1,0,0,1,2,1.0000,216200.50,146320.05,1930000.00,1930000.00,1930000.00,1930000.00
345,0.001000,487,345,1,1,0,0,1,1,0.0000,198404.00,0.00,1930000.00,1930000.00,1930000.00,1930000.00
345,0.001000,487,345,1,1,0,0,1,2,0.8000,231391.62,344345.75,1930000.00,1930000.00,1544000.00,1930000.00
351,0.001000,494,351,1,1,0,0,1,1,0.0000,198404.00,0.00,1930000.00,1930000.00,1930000.00,1930000.00
351,0.001000,494,351,1,1,0,0,1,2,0.9000,154711.67,192066.23,1930000.00,1930000.00,1737000.00,1930000.00
353,0.001000,497,353,1,1,0,0,1,1,0.0000,198404.00,0.00,1930000.00,1930000.00,1930000.00,1930000.00
353,0.001000,497,353,1,1,0,0,1,2,1.0000,229839.17,223399.45,1930000.00,1930000.00,1930000.00,1930000.00
353,0.001000,498,353,1,1,0,0,1,1,0.0000,198404.00,0.00,1930000.00,1930000.00,1930000.00,1930000.00
353,0.001000,498,353,1,1,0,0,1,2,0.8000,193176.92,315346.47,1930000.00,1930000.00,1544000.00,1930000.00
356,0.001000,500,356,1,1,0,0,1,1,0.0000,1745878.00,0.00,1930000.00,1930000.00,1930000.00,1930000.00
356,0.001000,500,356,1,1,0,0,1,2,1.0000,1672871.88,214275.25,1930000.00,1930000.00,1930000.00,1930000.00
358,0.001000,502,358,1,1,0,0,1,1,0.0000,198404.00,0.00,1930000.00,1930000.00,1930000.00,1930000.00
358,0.001000,502,358,1,1,0,0,1,2,0.9000,195483.53,240538.08,1930000.00,1930000.00,1737000.00,1930000.00
361,0.001000,506,361,1,1,0,0,1,1,0.0000,198404.00,0.00,1930000.00,1930000.00,1930000.00,1930000.00
361,0.001000,506,361,1,1,0,0,1,2,1.0000,182343.72,171791.36,1930000.00,1930000.00,1930000.00,1930000.00
366,0.001000,510,366,1,1,0,0,1,1,0.0000,198404.00,0.00,1930000.00,1930000.00,1930000.00,1930000.00
366,0.001000,510,366,1,1,0,0,1,2,0.9000,177430.39,182839.28,1930000.00,1930000.00,1737000.00,1930000.00
369,0.001000,514,369,1,1,0,0,1,1,0.0000,198404.00,0.00,1930000.00,1930000.00,1930000.00,1930000.00
369,0.001000,514,369,1,1,0,0,1,2,0.8000,219943.53,361995.78,1930000.00,1930000.00,1544000.00,1930000.00
371,0.001000,517,371,1,1,0,0,1,1,0.0000,198404.00,0.00,1930000.00,1930000.00,1930000.00,1930000.00
371,0.001000,517,371,1,1,0,0,1,2,1.0000,167819.84,146872.44,1930000.00,1930000.00,1930000.00,1930000.00
374,0.001000,521,374,1,1,0,0,1,1,0.0000,198404.00,0.00,1930000.00,1930000.00,1930000.00,1930000.00
374,0.001000,521,374,1,1,0,0,1,2,0.8000,254070.42,335738.44,1930000.00,1930000.00,1544000.00,1930000.00
376,0.001000,524,376,1,1,0,0,1,1,0.0000,198404.00,0.00,1930000.00,1930000.00,1930000.00,1930000.00
376,0.001000,524,376,1,1,0,0,1,2,1.0000,153267.70,162658.67,1930000.00,1930000.00,1930000.00,1930000.00
379,0.001000,533,379,1,1,0,0,1,1,0.0000,945700.00,0.00,1930000.00,1930000.00,1930000.00,1930000.00
379,0.001000,533,379,1,1,0,0,1,2,1.0000,932157.12,360303.47,1930000.00,1930000.00,1930000.00,1930000.00
379,0.001000,535,379,1,1,0,0,1,1,0.0000,198404.00,0.00,1930000.00,1930000.00,1930000.00,1930000.00
379,0.001000,535,379,1,1,0,0,1,2,0.9000,225751.30,324558.06,1930000.00,1930000.00,1737000.00,1930000.00
381,0.001000,538,381,1,1,0,0,1,1,0.0000,99202.00,0.00,965000.00,1930000.00,1930000.00,1930000.00
381,0.001000,538,381,1,1,0,0,1,2,0.7000,70980.50,104583.47,965000.00,1930000.00,1351000.00,1930000.00
382,0.001000,539,382,1,1,0,0,1,1,0.0000,198404.00,0.00,1930000.00,1930000.00,1930000.00,1930000.00
382,0.001000,539,382,1,1,0,0,1,2,0.9000,175402.55,138465.33,1930000.00,1930000.00,1737000.00,1930000.00
384,0.001000,543,384,1,1,0,0,1,1,0.0000,99202.00,0.00,965000.00,1930000.00,1930000.00,1930000.00
384,0.001000,543,384,1,1,0,0,1,2,0.6000,113589.83,156957.72,965000.00,1930000.00,1158000.00,1930000.00
392,0.001000,551,392,1,1,0,0,1,1,0.0000,198404.00,0.00,1930000.00,1930000.00,1930000.00,1930000.00
392,0.001000,551,392,1,1,0,0,1,2,0.7000,219821.62,200710.45,1930000.00,1930000.00,1351000.00,1930000.00
399,0.001000,561,399,1,1,0,0,1,1,0.0000,198404.00,0.00,1930000.00,1930000.00,1930000.00,1930000.00
399,0.001000,561,399,1,1,0,0,1,2,0.9000,217526.20,206923.91,1930000.00,1930000.00,1737000.00,1930000.00
401,0.001000,564,401,1,1,0,0,1,1,0.0000,198404.00,0.00,1930000.00,1930000.00,1930000.00,1930000.00
401,0.001000,564,401,1,1,0,0,1,2,0.8000,189769.72,211232.98,1930000.00,1930000.00,1544000.00,1930000.00
404,0.001000,566,404,1,1,0,0,1,1,0.0000,1930000.00,0.00,1930000.00,1930000.00,1930000.00,1930000.00
404,0.001000,566,404,1,1,0,0,1,2,1.0000,1930000.00,0.00,1930000.00,1930000.00,1930000.00,1930000.00
411,0.001000,584,411,1,1,0,0,1,1,0.0000,198404.00,0.00,1930000.00,1930000.00,1930000.00,1930000.00
411,0.001000,584,411,1,1,0,0,1,2,0.9000,205934.80,226574.94,1930000.00,1930000.00,1737000.00,1930000.00
412,0.001000,586,412,1,1,0,0,1,1,0.0000,945700.00,0.00,1930000.00,1930000.00,1930000.00,1930000.00
412,0.001000,586,412,1,1,0,0,1,2,1.0000,942285.00,424617.84,1930000.00,1930000.00,1930000.00,1930000.00
413,0.001000,590,413,1,1,0,0,1,1,0.0000,198404.00,0.00,1930000.00,1930000.00,1930000.00,1930000.00
413,0.001000,590,413,1,1,0,0,1,2,0.8000,200095.84,182357.03,1930000.00,1930000.00,1544000.00,1930000.00
415,0.001000,591,415,1,1,0,0,1,1,0.0000,198404.00,0.00,1930000.00,1930000.00,1930000.00,1930000.00
415,0.001000,591,415,1,1,0,0,1,2,0.8000,190509.36,270166.06,1930000.00,1930000.00,1544000.00,1930000.00
422,0.001000,603,422,1,1,0,0,1,1,0.0000,198404.00,0.00,1930000.00,1930000.00,1930000.00,1930000.00
422,0.001000,603,422,1,1,0,0,1,2,0.8000,137371.16,125360.90,1930000.00,1930000.00,1544000.00,1930000.00
423,0.001000,605,423,1,1,0,0,1,1,0.0000,198404.00,0.00,1930000.00,1930000.00,1930000.00,1930000.00
423,0.001000,605,423,1,1,0,0,1,2,1.0000,186740.36,168200.81,1930000.00,1930000.00,1930000.00,1930000.00
424,0.001000,611,424,1,1,0,0,1,1,0.0000,198404.00,0.00,1930000.00,1930000.00,1930000.00,1930000.00
424,0.001000,611,424,1,1,0,0,1,2,0.8000,160591.92,175855.66,1930000.00,1930000.00,1544000.00,1930000.00
425,0.001000,612,425,1,1,0,0,1,1,0.0000,198404.00,0.00,1930000.00,1930000.00,1930000.00,1930000.00
425,0.001000,612,425,1,1,0,0,1,2,0.9000,213308.88,238490.11,1930000.00,1930000.00,1737000.00,1930000.00
425,0.001000,614,425,1,1,0,0,1,1,0.0000,198404.00,0.00,1930000.00,1930000.00,1930000.00,1930000.00
425,0.001000,614,425,1,1,0,0,1,2,1.0000,243821.53,244351.39,1930000.00,1930000.00,1930000.00,1930000.00
426,0.001000,618,426,1,1,0,0,1,1,0.0000,99202.00,0.00,965000.00,1930000.00,1930000.00,1930000.00
426,0.001000,618,426,1,1,0,0,1,2,0.6000,115115.88,174033.02,965000.00,1930000.00,1158000.00,1930000.00
426,0.001000,619,426,1,1,0,0,1,1,0.0000,198404.00,0.00,1930000.00,1930000.00,1930000.00,1930000.00
426,0.001000,619,426,1,1,0,0,1,2,0.8000,193651.20,194097.02,1930000.00,1930000.00,1544000.00,1930000.00
426,0.001000,620,426,1,1,0,0,1,1,0.0000,198404.00,0.00,1930000.00,1930000.00,1930000.00,1930000.00
426,0.001000,620,426,1,1,0,0,1,2,1.0000,174369.09,254038.50,1930000.00,1930000.00,1930000.00,1930000.00
426,0.001000,621,426,1,1,0,0,1,1,0.0000,99202.00,0.00,965000.00,1930000.00,1930000.00,1930000.00
426,0.001000,621,426,1,1,0,0,1,2,0.6000,114706.65,199535.98,965000.00,1930000.00,1158000.00,1930000.00
432,0.001000,631,432,1,1,0,0,1,1,0.0000,198404.00,0.00,1930000.00,1930000.00,1930000.00,1930000.00
432,0.001000,631,432,1,1,0,0,1,2,0.8000,167129.20,179784.62,1930000.00,1930000.00,1544000.00,1930000.00
435,0.001000,636,435,1,1,0,0,1,1,0.0000,198404.00,0.00,1930000.00,1930000.00,1930000.00,1930000.00
435,0.001000,636,435,1,1,0,0,1,2,0.9000,176015.72,130492.54,1930000.00,1930000.00,1737000.00,1930000.00
441,0.001000,642,441,1,1,0,0,1,1,0.0000,1930000.00,0.00,1930000.00,1930000.00,1930000.00,1930000.00
441,0.001000,642,441,1,1,0,0,1,2,1.0000,1930000.00,0.00,1930000.00,1930000.00,1930000.00,1930000.00
444,0.001000,645,444,1,1,0,0,1,1,0.0000,99202.00,0.00,965000.00,1930000.00,1930000.00,1930000.00
444,0.001000,645,444,1,1,0,0,1,2,0.7000,68874.32,120880.66,965000.00,1930000.00,1351000.00,1930000.00
449,0.001000,647,449,1,1,0,0,1,1,0.0000,198404.00,0.00,1930000.00,1930000.00,1930000.00,1930000.00
449,0.001000,647,449,1,1,0,0,1,2,1.0000,206016.97,249829.47,1930000.00,1930000.00,1930000.00,1930000.00
449,0.001000,648,449,1,1,0,0,1,1,0.0000,755788.00,0.00,1930000.00,1930000.00,1930000.00,1930000.00
449,0.001000,648,449,1,1,0,0,1,2,1.0000,742815.38,328290.62,1930000.00,1930000.00,1930000.00,1930000.00
454,0.001000,652,454,1,1,0,0,1,1,0.0000,1138700.00,0.00,1930000.00,1930000.00,1930000.00,1930000.00
454,0.001000,652,454,1,1,0,0,1,2,1.0000,1173532.38,390514.88,1930000.00,1930000.00,1930000.00,1930000.00
456,0.001000,655,456,1,1,0,0,1,1,0.0000,99202.00,0.00,965000.00,1930000.00,1930000.00,1930000.00
456,0.001000,655,456,1,1,0,0,1,2,0.8000,104905.20,119253.30,965000.00,1930000.00,1544000.00,1930000.00
458,0.001000,658,458,1,1,0,0,1,1,0.0000,1930000.00,0.00,1930000.00,1930000.00,1930000.00,1930000.00
458,0.001000,658,458,1,1,0,0,1,2,1.0000,1736774.38,283529.88,1930000.00,1930000.00,1930000.00,1930000.00
461,0.001000,663,461,1,1,0,0,1,1,0.0000,198404.00,0.00,1930000.00,1930000.00,1930000.00,1930000.00
461,0.001000,663,461,1,1,0,0,1,2,0.9000,244622.22,186223.19,1930000.00,1930000.00,1737000.00,1930000.00
461,0.001000,664,461,1,1,0,0,1,1,0.0000,1930000.00,0.00,1930000.00,1930000.00,1930000.00,1930000.00
461,0.001000,664,461,1,1,0,0,1,2,1.0000,1883727.00,68498.38,1930000.00,1930000.00,1930000.00,1930000.00
462,0.001000,666,462,1,1,0,0,1,1,0.0000,198404.00,0.00,1930000.00,1930000.00,1930000.00,1930000.00
462,0.001000,666,462,1,1,0,0,1,2,0.8000,200401.97,235911.92,1930000.00,1930000.00,1544000.00,1930000.00
463,0.001000,670,463,1,1,0,0,1,1,0.0000,198404.00,0.00,1930000.00,1930000.00,1930000.00,1930000.00
463,0.001000,670,463,1,1,0,0,1,2,0.8000,219641.66,237023.19,1930000.00,1930000.00,1544000.00,1930000.00
464,0.001000,671,464,1,1,0,0,1,1,0.0000,198404.00,0.00,1930000.00,1930000.00,1930000.00,1930000.00
464,0.001000,671,464,1,1,0,0,1,2,0.8000,190432.91,263196.88,1930000.00,1930000.00,1544000.00,1930000.00
465,0.001000,674,465,1,1,0,0,1,1,0.0000,198404.00,0.00,1930000.00,1930000.00,1930000.00,1930000.00
465,0.001000,674,465,1,1,0,0,1,2,1.0000,209660.22,171610.20,1930000.00,1930000.00,1930000.00,1930000.00
466,0.001000,676,466,1,1,0,0,1,1,0.0000,198404.00,0.00,1930000.00,1930000.00,1930000.00,1930000.00
466,0.001000,676,466,1,1,0,0,1,2,1.0000,210794.00,127867.35,1930000.00,1930000.00,1930000.00,1930000.00
473,0.001000,680,473,1,1,0,0,1,1,0.0000,198404.00,0.00,1930000.00,1930000.00,1930000.00,1930000.00
473,0.001000,680,473,1,1,0,0,1,2,0.9000,225672.62,339718.03,1930000.00,1930000.00,1737000.00,1930000.00
475,0.001000,684,475,1,1,0,0,1,1,0.0000,198404.00,0.00,1930000.00,1930000.00,1930000.00,1930000.00
475,0.001000,684,475,1,1,0,0,1,2,0.9000,166504.33,141068.77,1930000.00,1930000.00,1737000.00,1930000.00
479,0.001000,687,479,1,1,0,0,1,1,0.0000,198404.00,0.00,1930000.00,1930000.00,1930000.00,1930000.00
479,0.001000,687,479,1,1,0,0,1,2,1.0000,220991.62,224957.84,1930000.00,1930000.00,1930000.00,1930000.00
484,0.001000,693,484,1,1,0,0,1,1,0.0000,198404.00,0.00,1930000.00,1930000.00,1930000.00,1930000.00
484,0.001000,693,484,1,1,0,0,1,2,0.8000,208494.77,195681.12,1930000.00,1930000.00,1544000.00,1930000.00
484,0.001000,695,484,1,1,0,0,1,1,0.0000,198404.00,0.00,1930000.00,1930000.00,1930000.00,1930000.00
484,0.001000,695,484,1,1,0,0,1,2,0.9000,209218.77,247167.80,1930000.00,1930000.00,1737000.00,1930000.00
487,0.001000,698,487,1,1,0,0,1,1,0.0000,198404.00,0.00,1930000.00,1930000.00,1930000.00,1930000.00
487,0.001000,698,487,1,1,0,0,1,2,1.0000,200495.42,187566.62,1930000.00,1930000.00,1930000.00,1930000.00
492,0.001000,704,492,1,1,0,0,1,1,0.0000,945700.00,0.00,1930000.00,1930000.00,1930000.00,1930000.00
492,0.001000,704,492,1,1,0,0,1,2,1.0000,946660.81,489597.66,1930000.00,1930000.00,1930000.00,1930000.00
494,0.001000,706,494,1,1,0,0,1,1,0.0000,198404.00,0.00,1930000.00,1930000.00,1930000.00,1930000.00
494,0.001000,706,494,1,1,0,0,1,2,1.0000,230104.80,195661.22,1930000.00,1930000.00,1930000.00,1930000.00
496,0.001000,708,496,1,1,0,0,1,1,0.0000,382140.00,0.00,1930000.00,1930000.00,1930000.00,1930000.00
496,0.001000,708,496,1,1,0,0,1,2,1.0000,370416.69,306526.84,1930000.00,1930000.00,1930000.00,1930000.00
497,0.001000,709,497,1,1,0,0,1,1,0.0000,945700.00,0.00,1930000.00,1930000.00,1930000.00,1930000.00
497,0.001000,709,497,1,1,0,0,1,2,1.0000,983003.50,422473.62,1930000.00,1930000.00,1930000.00,1930000.00
502,0.001000,713,502,1,1,0,0,1,1,0.0000,1745878.00,0.00,1930000.00,1930000.00,1930000.00,1930000.00
502,0.001000,713,502,1,1,0,0,1,2,1.0000,1570967.50,441280.50,1930000.00,1930000.00,1930000.00,1930000.00
502,0.001000,714,502,1,1,0,0,1,1,0.0000,1930000.00,0.00,1930000.00,1930000.00,1930000.00,1930000.00
502,0.001000,714,502,1,1,0,0,1,2,1.0000,1908054.38,47801.29,1930000.00,1930000.00,1930000.00,1930000.00
505,0.001000,718,505,1,1,0,0,1,1,0.0000,198404.00,0.00,1930000.00,1930000.00,1930000.00,1930000.00
505,0.001000,718,505,1,1,0,0,1,2,0.9000,212524.67,208531.45,1930000.00,1930000.00,1737000.00,1930000.00
508,0.001000,720,508,1,1,0,0,1,1,0.0000,755788.00,0.00,1930000.00,1930000.00,1930000.00,1930000.00
508,0.001000,720,508,1,1,0,0,1,2,1.0000,782881.56,315196.78,1930000.00,1930000.00,1930000.00,1930000.00
519,0.001000,737,519,1,1,0,0,1,1,0.0000,198404.00,0.00,1930000.00,1930000.00,1930000.00,1930000.00
519,0.001000,737,519,1,1,0,0,1,2,1.0000,195944.36,184323.66,1930000.00,1930000.00,1930000.00,1930000.00
526,0.001000,745,526,1,1,0,0,1,1,0.0000,198404.00,0.00,1930000.00,1930000.00,1930000.00,1930000.00
526,0.001000,745,526,1,1,0,0,1,2,0.9000,161424.94,112253.15,1930000.00,1930000.00,1737000.00,1930000.00
530,0.001000,749,530,1,1,0,0,1,1,0.0000,198404.00,0.00,1930000.00,1930000.00,1930000.00,1930000.00
530,0.001000,749,530,1,1,0,0,1,2,1.0000,215920.28,241977.86,1930000.00,1930000.00,1930000.00,1930000.00
532,0.001000,754,532,1,1,0,0,1,1,0.0000,1930000.00,0.00,1930000.00,1930000.00,1930000.00,1930000.00
532,0.001000,754,532,1,1,0,0,1,2,1.0000,1906466.00,54604.80,1930000.00,1930000.00,1930000.00,1930000.00
534,0.001000,757,534,1,1,0,0,1,1,0.0000,198404.00,0.00,1930000.00,1930000.00,1930000.00,1930000.00
534,0.001000,757,534,1,1,0,0,1,2,0.8000,189563.67,252370.16,1930000.00,1930000.00,1544000.00,1930000.00
536,0.001000,762,536,1,1,0,0,1,1,0.0000,198404.00,0.00,1930000.00,1930000.00,1930000.00,1930000.00
536,0.001000,762,536,1,1,0,0,1,2,0.9000,204086.92,206127.34,1930000.00,1930000.00,1737000.00,1930000.00
539,0.001000,768,539,1,1,0,0,1,1,0.0000,99202.00,0.00,965000.00,1930000.00,1930000.00,1930000.00
539,0.001000,768,539,1,1,0,0,1,2,0.8000,129557.12,181118.41,965000.00,1930000.00,1544000.00,1930000.00
542,0.001000,774,542,1,1,0,0,1,1,0.0000,198404.00,0.00,1930000.00,1930000.00,1930000.00,1930000.00
542,0.001000,774,542,1,1,0,0,1,2,0.7000,233779.78,245737.69,1930000.00,1930000.00,1351000.00,1930000.00
543,0.001000,776,543,1,1,0,0,1,1,0.0000,198404.00,0.00,1930000.00,1930000.00,1930000.00,1930000.00
543,0.001000,776,543,1,1,0,0,1,2,0.8000,216733.42,215970.75,1930000.00,1930000.00,1544000.00,1930000.00
543,0.001000,777,543,1,1,0,0,1,1,0.0000,99202.00,0.00,965000.00,1930000.00,1930000.00,1930000.00
543,0.001000,777,543,1,1,0,0,1,2,0.6000,119011.44,157412.91,965000.00,1930000.00,1158000.00,1930000.00
544,0.001000,779,544,1,1,0,0,1,1,0.0000,198404.00,0.00,1930000.00,1930000.00,1930000.00,1930000.00
544,0.001000,779,544,1,1,0,0,1,2,0.8000,204792.28,230700.08,1930000.00,1930000.00,1544000.00,1930000.00
544,0.001000,780,544,1,1,0,0,1,1,0.0000,755788.00,0.00,1930000.00,1930000.00,1930000.00,1930000.00
544,0.001000,780,544,1,1,0,0,1,2,1.0000,745350.50,180916.00,1930000.00,1930000.00,1930000.00,1930000.00
547,0.001000,782,547,1,1,0,0,1,1,0.0000,198404.00,0.00,1930000.00,1930000.00,1930000.00,1930000.00
547,0.001000,782,547,1,1,0,0,1,2,0.9000,214125.30,213257.70,1930000.00,1930000.00,1737000.00,1930000.00
548,0.001000,785,548,1,1,0,0,1,1,0.0000,198404.00,0.00,1930000.00,1930000.00,1930000.00,1930000.00
548,0.001000,785,548,1,1,0,0,1,2,0.9000,243705.03,231262.45,1930000.00,1930000.00,1737000.00,1930000.00
552,0.001000,790,552,1,1,0,0,1,1,0.0000,198404.00,0.00,1930000.00,1930000.00,1930000.00,1930000.00
552,0.001000,790,552,1,1,0,0,1,2,0.8000,206517.98,252593.05,1930000.00,1930000.00,1544000.00,1930000.00
553,0.001000,791,553,1,1,0,0,1,1,0.0000,198404.00,0.00,1930000.00,1930000.00,1930000.00,1930000.00
553,0.001000,791,553,1,1,0,0,1,2,0.9000,198291.64,189056.66,1930000.00,1930000.00,1737000.00,1930000.00
553,0.001000,793,553,1,1,0,0,1,1,0.0000,198404.00,0.00,1930000.00,1930000.00,1930000.00,1930000.00
553,0.001000,793,553,1,1,0,0,1,2,0.9000,214409.12,264232.59,1930000.00,1930000.00,1737000.00,1930000.00
558,0.001000,800,558,1,1,0,0,1,1,0.0000,198404.00,0.00,1930000.00,1930000.00,1930000.00,1930000.00
558,0.001000,800,558,1,1,0,0,1,2,1.0000,184716.38,144286.03,1930000.00,1930000.00,1930000.00,1930000.00
560,0.001000,805,560,1,1,0,0,1,1,0.0000,198404.00,0.00,1930000.00,1930000.00,1930000.00,1930000.00
560,0.001000,805,560,1,1,0,0,1,2,0.9000,173605.19,176951.59,1930000.00,1930000.00,1737000.00,1930000.00
564,0.001000,808,564,1,1,0,0,1,1,0.0000,198404.00,0.00,1930000.00,1930000.00,1930000.00,1930000.00
564,0.001000,808,564,1,1,0,0,1,2,1.0000,230145.17,236735.20,1930000.00,1930000.00,1930000.00,1930000.00
564,0.001000,809,564,1,1,0,0,1,1,0.0000,198404.00,0.00,1930000.00,1930000.00,1930000.00,1930000.00
564,0.001000,809,564,1,1,0,0,1,2,1.0000,203885.84,155845.22,1930000.00,1930000.00,1930000.00,1930000.00
572,0.001000,824,572,1,1,0,0,1,1,0.0000,198404.00,0.00,1930000.00,1930000.00,1930000.00,1930000.00
572,0.001000,824,572,1,1,0,0,1,2,0.9000,227511.95,286612.44,1930000.00,1930000.00,1737000.00,1930000.00
574,0.001000,825,574,1,1,0,0,1,1,0.0000,198404.00,0.00,1930000.00,1930000.00,1930000.00,1930000.00
574,0.001000,825,574,1,1,0,0,1,2,0.9000,222668.84,234424.78,1930000.00,1930000.00,1737000.00,1930000.00
575,0.001000,828,575,1,1,0,0,1,1,0.0000,198404.00,0.00,1930000.00,1930000.00,1930000.00,1930000.00
575,0.001000,828,575,1,1,0,0,1,2,0.7000,200164.48,297355.22,1930000.00,1930000.00,1351000.00,1930000.00
577,0.001000,830,577,1,1,0,0,1,1,0.0000,565875.94,0.00,1930000.00,1930000.00,1930000.00,1930000.00
577,0.001000,830,577,1,1,0,0,1,2,1.0000,568948.38,326027.53,1930000.00,1930000.00,1930000.00,1930000.00
581,0.001000,834,581,1,1,0,0,1,1,0.0000,198404.00,0.00,1930000.00,1930000.00,1930000.00,1930000.00
581,0.001000,834,581,1,1,0,0,1,2,0.9000,210331.62,254216.64,1930000.00,1930000.00,1737000.00,1930000.00
596,0.001000,843,596,1,1,0,0,1,1,0.0000,198404.00,0.00,1930000.00,1930000.00,1930000.00,1930000.00
596,0.001000,843,596,1,1,0,0,1,2,0.9000,204793.16,188100.61,1930000.00,1930000.00,1737000.00,1930000.00
597,0.001000,847,597,1,1,0,0,1,1,0.0000,198404.00,0.00,1930000.00,1930000.00,1930000.00,1930000.00
597,0.001000,847,597,1,1,0,0,1,2,1.0000,166368.73,173243.88,1930000.00,1930000.00,1930000.00,1930000.00
597,0.001000,848,597,1,1,0,0,1,1,0.0000,198404.00,0.00,1930000.00,1930000.00,1930000.00,1930000.00
597,0.001000,848,597,1,1,0,0,1,2,1.0000,173769.09,159252.69,1930000.00,1930000.00,1930000.00,1930000.00
598,0.001000,851,598,1,1,0,0,1,1,0.0000,198404.00,0.00,1930000.00,1930000.00,1930000.00,1930000.00
598,0.001000,851,598,1,1,0,0,1,2,0.8000,190162.17,228864.38,1930000.00,1930000.00,1544000.00,1930000.00
598,0.001000,853,598,1,1,0,0,1,1,0.0000,198404.00,0.00,1930000.00,1930000.00,1930000.00,1930000.00
598,0.001000,853,598,1,1,0,0,1,2,0.8000,275363.06,309481.69,1930000.00,1930000.00,1544000.00,1930000.00
598,0.001000,854,598,1,1,0,0,1,1,0.0000,99202.00,0.00,965000.00,1930000.00,1930000.00,1930000.00
598,0.001000,854,598,1,1,0,0,1,2,0.6000,95469.16,157611.33,965000.00,1930000.00,1158000.00,1930000.00
599,0.001000,855,599,1,1,0,0,1,1,0.0000,198404.00,0.00,1930000.00,1930000.00,1930000.00,1930000.00
599,0.001000,855,599,1,1,0,0,1,2,1.0000,224318.05,311040.19,1930000.00,1930000.00,1930000.00,1930000.00
602,0.001000,859,602,1,1,0,0,1,1,0.0000,198404.00,0.00,1930000.00,1930000.00,1930000.00,1930000.00
602,0.001000,859,602,1,1,0,0,1,2,1.0000,142184.16,145718.73,1930000.00,1930000.00,1930000.00,1930000.00
603,0.001000,861,603,1,1,0,0,1,1,0.0000,565875.94,0.00,1930000.00,1930000.00,1930000.00,1930000.00
603,0.001000,861,603,1,1,0,0,1,2,1.0000,542141.12,269969.97,1930000.00,1930000.00,1930000.00,1930000.00
603,0.001000,862,603,1,1,0,0,1,1,0.0000,198404.00,0.00,1930000.00,1930000.00,1930000.00,1930000.00
603,0.001000,862,603,1,1,0,0,1,2,1.0000,179170.69,172417.77,1930000.00,1930000.00,1930000.00,1930000.00
604,0.001000,864,604,1,1,0,0,1,1,0.0000,1930000.00,0.00,1930000.00,1930000.00,1930000.00,1930000.00
604,0.001000,864,604,1,1,0,0,1,2,1.0000,1857143.25,94380.98,1930000.00,1930000.00,1930000.00,1930000.00
607,0.001000,868,607,1,1,0,0,1,1,0.0000,198404.00,0.00,1930000.00,1930000.00,1930000.00,1930000.00
607,0.001000,868,607,1,1,0,0,1,2,0.9000,200653.94,254788.72,1930000.00,1930000.00,1737000.00,1930000.00
611,0.001000,874,611,1,1,0,0,1,1,0.0000,198404.00,0.00,1930000.00,1930000.00,1930000.00,1930000.00
611,0.001000,874,611,1,1,0,0,1,2,0.9000,214634.95,198189.97,1930000.00,1930000.00,1737000.00,1930000.00
614,0.001000,877,614,1,1,0,0,1,1,0.0000,198404.00,0.00,1930000.00,1930000.00,1930000.00,1930000.00
614,0.001000,877,614,1,1,0,0,1,2,1.0000,184775.23,213060.84,1930000.00,1930000.00,1930000.00,1930000.00
616,0.001000,880,616,1,1,0,0,1,1,0.0000,382140.00,0.00,1930000.00,1930000.00,1930000.00,1930000.00
616,0.001000,880,616,1,1,0,0,1,2,0.9000,382624.12,334832.34,1930000.00,1930000.00,1737000.00,1930000.00
618,0.001000,885,618,1,1,0,0,1,1,0.0000,198404.00,0.00,1930000.00,1930000.00,1930000.00,1930000.00
618,0.001000,885,618,1,1,0,0,1,2,1.0000,209056.83,153007.72,1930000.00,1930000.00,1930000.00,1930000.00
627,0.001000,896,627,1,1,0,0,1,1,0.0000,198404.00,0.00,1930000.00,1930000.00,1930000.00,1930000.00
627,0.001000,896,627,1,1,0,0,1,2,0.9000,189230.59,125083.91,1930000.00,1930000.00,1737000.00,1930000.00
627,0.001000,897,627,1,1,0,0,1,1,0.0000,198404.00,0.00,1930000.00,1930000.00,1930000.00,1930000.00
627,0.001000,897,627,1,1,0,0,1,2,0.9000,207359.09,182522.28,1930000.00,1930000.00,1737000.00,1930000.00
629,0.001000,898,629,1,1,0,0,1,1,0.0000,382140.00,0.00,1930000.00,1930000.00,1930000.00,1930000.00
629,0.001000,898,629,1,1,0,0,1,2,1.0000,406972.94,327599.91,1930000.00,1930000.00,1930000.00,1930000.00
631,0.001000,902,631,1,1,0,0,1,1,0.0000,99202.00,0.00,965000.00,1930000.00,1930000.00,1930000.00
631,0.001000,902,631,1,1,0,0,1,2,0.6000,112552.84,180099.72,965000.00,1930000.00,1158000.00,1930000.00
635,0.001000,907,635,1,1,0,0,1,1,0.0000,198404.00,0.00,1930000.00,1930000.00,1930000.00,1930000.00
635,0.001000,907,635,1,1,0,0,1,2,0.8000,195692.25,280498.69,1930000.00,1930000.00,1544000.00,1930000.00
637,0.001000,909,637,1,1,0,0,1,1,0.0000,198404.00,0.00,1930000.00,1930000.00,1930000.00,1930000.00
637,0.001000,909,637,1,1,0,0,1,2,0.9000,171635.78,213371.92,1930000.00,1930000.00,1737000.00,1930000.00
637,0.001000,910,637,1,1,0,0,1,1,0.0000,198404.00,0.00,1930000.00,1930000.00,1930000.00,1930000.00
637,0.001000,910,637,1,1,0,0,1,2,0.8000,177979.42,208342.58,1930000.00,1930000.00,1544000.00,1930000.00
642,0.001000,919,642,1,1,0,0,1,1,0.0000,198404.00,0.00,1930000.00,1930000.00,1930000.00,1930000.00
642,0.001000,919,642,1,1,0,0,1,2,0.9000,168449.80,178222.77,1930000.00,1930000.00,1737000.00,1930000.00
648,0.001000,929,648,1,1,0,0,1,1,0.0000,198404.00,0.00,1930000.00,1930000.00,1930000.00,1930000.00
648,0.001000,929,648,1,1,0,0,1,2,0.9000,213232.42,166185.50,1930000.00,1930000.00,1737000.00,1930000.00
651,0.001000,934,651,1,1,0,0,1,1,0.0000,198404.00,0.00,1930000.00,1930000.00,1930000.00,1930000.00
651,0.001000,934,651,1,1,0,0,1,2,0.7000,236480.45,230711.44,1930000.00,1930000.00,1351000.00,1930000.00
652,0.001000,935,652,1,1,0,0,1,1,0.0000,198404.00,0.00,1930000.00,1930000.00,1930000.00,1930000.00
652,0.001000,935,652,1,1,0,0,1,2,0.8000,216145.88,246214.69,1930000.00,1930000.00,1544000.00,1930000.00
656,0.001000,942,656,1,1,0,0,1,1,0.0000,565875.94,0.00,1930000.00,1930000.00,1930000.00,1930000.00
656,0.001000,942,656,1,1,0,0,1,2,1.0000,535545.12,285153.22,1930000.00,1930000.00,1930000.00,1930000.00
657,0.001000,944,657,1,1,0,0,1,1,0.0000,382140.00,0.00,1930000.00,1930000.00,1930000.00,1930000.00
657,0.001000,944,657,1,1,0,0,1,2,1.0000,349741.25,250958.98,1930000.00,1930000.00,1930000.00,1930000.00
659,0.001000,946,659,1,1,0,0,1,1,0.0000,198404.00,0.00,1930000.00,1930000.00,1930000.00,1930000.00
659,0.001000,946,659,1,1,0,0,1,2,0.6000,185838.69,259052.30,1930000.00,1930000.00,1158000.00,1930000.00
663,0.001000,951,663,1,1,0,0,1,1,0.0000,198404.00,0.00,1930000.00,1930000.00,1930000.00,1930000.00
663,0.001000,951,663,1,1,0,0,1,2,0.9000,219800.92,252966.72,1930000.00,1930000.00,1737000.00,1930000.00
663,0.001000,952,663,1,1,0,0,1,1,0.0000,198404.00,0.00,1930000.00,1930000.00,1930000.00,1930000.00
663,0.001000,952,663,1,1,0,0,1,2,1.0000,232153.08,276409.09,1930000.00,1930000.00,1930000.00,1930000.00
666,0.001000,954,666,1,1,0,0,1,1,0.0000,198404.00,0.00,1930000.00,1930000.00,1930000.00,1930000.00
666,0.001000,954,666,1,1,0,0,1,2,1.0000,216342.09,249068.38,1930000.00,1930000.00,1930000.00,1930000.00
667,0.001000,958,667,1,1,0,0,1,1,0.0000,198404.00,0.00,1930000.00,1930000.00,1930000.00,1930000.00
667,0.001000,958,667,1,1,0,0,1,2,1.0000,194928.91,235264.78,1930000.00,1930000.00,1930000.00,1930000.00
669,0.001000,962,669,1,1,0,0,1,1,0.0000,198404.00,0.00,1930000.00,1930000.00,1930000.00,1930000.00
669,0.001000,962,669,1,1,0,0,1,2,0.9000,200405.00,196308.73,1930000.00,1930000.00,1737000.00,1930000.00
669,0.001000,965,669,1,1,0,0,1,1,0.0000,198404.00,0.00,1930000.00,1930000.00,1930000.00,1930000.00
669,0.001000,965,669,1,1,0,0,1,2,0.8000,191535.58,198346.94,1930000.00,1930000.00,1544000.00,1930000.00
672,0.001000,968,672,1,1,0,0,1,1,0.0000,198404.00,0.00,1930000.00,1930000.00,1930000.00,1930000.00
672,0.001000,968,672,1,1,0,0,1,2,1.0000,219087.28,265493.66,1930000.00,1930000.00,1930000.00,1930000.00
676,0.001000,974,676,1,1,0,0,1,1,0.0000,198404.00,0.00,1930000.00,1930000.00,1930000.00,1930000.00
676,0.001000,974,676,1,1,0,0,1,2,0.9000,224185.50,164160.73,1930000.00,1930000.00,1737000.00,1930000.00
681,0.001000,982,681,1,1,0,0,1,1,0.0000,1138700.00,0.00,1930000.00,1930000.00,1930000.00,1930000.00
681,0.001000,982,681,1,1,0,0,1,2,1.0000,1123034.50,451311.09,1930000.00,1930000.00,1930000.00,1930000.00
683,0.001000,988,683,1,1,0,0,1,1,0.0000,382140.00,0.00,1930000.00,1930000.00,1930000.00,1930000.00
683,0.001000,988,683,1,1,0,0,1,2,0.9000,379975.19,294796.56,1930000.00,1930000.00,1737000.00,1930000.00
683,0.001000,990,683,1,1,0,0,1,1,0.0000,755788.00,0.00,1930000.00,1930000.00,1930000.00,1930000.00
683,0.001000,990,683,1,1,0,0,1,2,1.0000,719875.62,349067.69,1930000.00,1930000.00,1930000.00,1930000.00
688,0.001000,993,688,1,1,0,0,1,1,0.0000,198404.00,0.00,1930000.00,1930000.00,1930000.00,1930000.00
688,0.001000,993,688,1,1,0,0,1,2,0.9000,206980.58,165345.23,1930000.00,1930000.00,1737000.00,1930000.00
688,0.001000,994,688,1,1,0,0,1,1,0.0000,198404.00,0.00,1930000.00,1930000.00,1930000.00,1930000.00
688,0.001000,994,688,1,1,0,0,1,2,0.8000,183167.50,150005.39,1930000.00,1930000.00,1544000.00,1930000.00
690,0.001000,995,690,1,1,0,0,1,1,0.0000,198404.00,0.00,1930000.00,1930000.00,1930000.00,1930000.00
690,0.001000,995,690,1,1,0,0,1,2,0.8000,216316.62,277588.88,1930000.00,1930000.00,1544000.00,1930000.00
692,0.001000,997,692,1,1,0,0,1,1,0.0000,198404.00,0.00,1930000.00,1930000.00,1930000.00,1930000.00
692,0.001000,997,692,1,1,0,0,1,2,1.0000,167247.41,153087.22,1930000.00,1930000.00,1930000.00,1930000.00
693,0.001000,1000,693,1,1,0,0,1,1,0.0000,198404.00,0.00,1930000.00,1930000.00,1930000.00,1930000.00
693,0.001000,1000,693,1,1,0,0,1,2,1.0000,162265.92,165318.72,1930000.00,1930000.00,1930000.00,1930000.00
700,0.001000,1003,700,1,1,0,0,1,1,0.0000,198404.00,0.00,1930000.00,1930000.00,1930000.00,1930000.00
700,0.001000,1003,700,1,1,0,0,1,2,1.0000,182161.25,298957.78,1930000.00,1930000.00,1930000.00,1930000.00
700,0.001000,1005,700,1,1,0,0,1,1,0.0000,198404.00,0.00,1930000.00,1930000.00,1930000.00,1930000.00
700,0.001000,1005,700,1,1,0,0,1,2,0.8000,204646.31,176356.56,1930000.00,1930000.00,1544000.00,1930000.00
702,0.001000,1011,702,1,1,0,0,1,1,0.0000,198404.00,0.00,1930000.00,1930000.00,1930000.00,1930000.00
702,0.001000,1011,702,1,1,0,0,1,2,0.9000,232581.66,223497.83,1930000.00,1930000.00,1737000.00,1930000.00
710,0.001000,1021,710,1,1,0,0,1,1,0.0000,198404.00,0.00,1930000.00,1930000.00,1930000.00,1930000.00
710,0.001000,1021,710,1,1,0,0,1,2,0.9000,227063.91,282320.25,1930000.00,1930000.00,1737000.00,1930000.00
712,0.001000,1027,712,1,1,0,0,1,1,0.0000,198404.00,0.00,1930000.00,1930000.00,1930000.00,1930000.00
712,0.001000,1027,712,1,1,0,0,1,2,0.9000,226483.28,226085.72,1930000.00,1930000.00,1737000.00,1930000.00
717,0.001000,1031,717,1,1,0,0,1,1,0.0000,198404.00,0.00,1930000.00,1930000.00,1930000.00,1930000.00
717,0.001000,1031,717,1,1,0,0,1,2,0.9000,201068.92,191837.27,1930000.00,1930000.00,1737000.00,1930000.00
720,0.001000,1038,720,1,1,0,0,1,1,0.0000,198404.00,0.00,1930000.00,1930000.00,1930000.00,1930000.00
720,0.001000,1038,720,1,1,0,0,1,2,0.7000,256013.70,356077.72,1930000.00,1930000.00,1351000.00,1930000.00
727,0.001000,1050,727,1,1,0,0,1,1,0.0000,198404.00,0.00,1930000.00,1930000.00,1930000.00,1930000.00
727,0.001000,1050,727,1,1,0,0,1,2,0.9000,205315.58,221907.50,1930000.00,1930000.00,1737000.00,1930000.00
731,0.001000,1056,731,1,1,0,0,1,1,0.0000,198404.00,0.00,1930000.00,1930000.00,1930000.00,1930000.00
731,0.001000,1056,731,1,1,0,0,1,2,0.9000,177725.41,133077.45,1930000.00,1930000.00,1737000.00,1930000.00
734,0.001000,1061,734,1,1,0,0,1,1,0.0000,198404.00,0.00,1930000.00,1930000.00,1930000.00,1930000.00
734,0.001000,1061,734,1,1,0,0,1,2,0.9000,163727.84,232769.45,1930000.00,1930000.00,1737000.00,1930000.00
738,0.001000,1066,738,1,1,0,0,1,1,0.0000,198404.00,0.00,1930000.00,1930000.00,1930000.00,1930000.00
738,0.001000,1066,738,1,1,0,0,1,2,0.9000,248706.83,225889.92,1930000.00,1930000.00,1737000.00,1930000.00
740,0.001000,1070,740,1,1,0,0,1,1,0.0000,198404.00,0.00,1930000.00,1930000.00,1930000.00,1930000.00
740,0.001000,1070,740,1,1,0,0,1,2,0.8000,195284.66,264878.66,1930000.00,1930000.00,1544000.00,1930000.00
743,0.001000,1075,743,1,1,0,0,1,1,0.0000,198404.00,0.00,1930000.00,1930000.00,1930000.00,1930000.00
743,0.001000,1075,743,1,1,0,0,1,2,0.7000,207006.53,320421.97,1930000.00,1930000.00,1351000.00,1930000.00
743,0.001000,1077,743,1,1,0,0,1,1,0.0000,99202.00,0.00,965000.00,1930000.00,1930000.00,1930000.00
743,0.001000,1077,743,1,1,0,0,1,2,0.6000,94108.88,155743.52,965000.00,1930000.00,1158000.00,1930000.00
745,0.001000,1081,745,1,1,0,0,1,1,0.0000,198404.00,0.00,1930000.00,1930000.00,1930000.00,1930000.00
745,0.001000,1081,745,1,1,0,0,1,2,0.9000,178492.80,178331.77,1930000.00,1930000.00,1737000.00,1930000.00
745,0.001000,1082,745,1,1,0,0,1,1,0.0000,382140.00,0.00,1930000.00,1930000.00,1930000.00,1930000.00
745,0.001000,1082,745,1,1,0,0,1,2,1.0000,347892.09,187996.33,1930000.00,1930000.00,1930000.00,1930000.00
746,0.001000,1085,746,1,1,0,0,1,1,0.0000,198404.00,0.00,1930000.00,1930000.00,1930000.00,1930000.00
746,0.001000,1085,746,1,1,0,0,1,2,0.9000,214693.75,207138.88,1930000.00,1930000.00,1737000.00,1930000.00
746,0.001000,1086,746,1,1,0,0,1,1,0.0000,198404.00,0.00,1930000.00,1930000.00,1930000.00,1930000.00
746,0.001000,1086,746,1,1,0,0,1,2,1.0000,202030.69,217260.95,1930000.00,1930000.00,1930000.00,1930000.00
753,0.001000,1093,753,1,1,0,0,1,1,0.0000,198404.00,0.00,1930000.00,1930000.00,1930000.00,1930000.00
753,0.001000,1093,753,1,1,0,0,1,2,0.9000,199745.66,181472.50,1930000.00,1930000.00,1737000.00,1930000.00
756,0.001000,1094,756,1,1,0,0,1,1,0.0000,198404.00,0.00,1930000.00,1930000.00,1930000.00,1930000.00
756,0.001000,1094,756,1,1,0,0,1,2,1.0000,167263.88,117917.62,1930000.00,1930000.00,1930000.00,1930000.00
756,0.001000,1095,756,1,1,0,0,1,1,0.0000,99202.00,0.00,965000.00,1930000.00,1930000.00,1930000.00
756,0.001000,1095,756,1,1,0,0,1,2,0.6000,62802.05,93181.48,965000.00,1930000.00,1158000.00,1930000.00
757,0.001000,1097,757,1,1,0,0,1,1,0.0000,99202.00,0.00,965000.00,1930000.00,1930000.00,1930000.00
757,0.001000,1097,757,1,1,0,0,1,2,0.6000,86027.72,111192.05,965000.00,1930000.00,1158000.00,1930000.00
758,0.001000,1098,758,1,1,0,0,1,1,0.0000,198404.00,0.00,1930000.00,1930000.00,1930000.00,1930000.00
758,0.001000,1098,758,1,1,0,0,1,2,0.9000,187274.36,122976.47,1930000.00,1930000.00,1737000.00,1930000.00
762,0.001000,1104,762,1,1,0,0,1,1,0.0000,198404.00,0.00,1930000.00,1930000.00,1930000.00,1930000.00
762,0.001000,1104,762,1,1,0,0,1,2,0.8000,213702.66,262426.81,1930000.00,1930000.00,1544000.00,1930000.00
763,0.001000,1105,763,1,1,0,0,1,1,0.0000,198404.00,0.00,1930000.00,1930000.00,1930000.00,1930000.00
763,0.001000,1105,763,1,1,0,0,1,2,1.0000,164617.39,148516.31,1930000.00,1930000.00,1930000.00,1930000.00
763,0.001000,1107,763,1,1,0,0,1,1,0.0000,198404.00,0.00,1930000.00,1930000.00,1930000.00,1930000.00
763,0.001000,1107,763,1,1,0,0,1,2,1.0000,139984.86,115148.76,1930000.00,1930000.00,1930000.00,1930000.00
765,0.001000,1112,765,1,1,0,0,1,1,0.0000,198404.00,0.00,1930000.00,1930000.00,1930000.00,1930000.00
765,0.001000,1112,765,1,1,0,0,1,2,0.8000,215911.97,191482.84,1930000.00,1930000.00,1544000.00,1930000.00
765,0.001000,1114,765,1,1,0,0,1,1,0.0000,198404.00,0.00,1930000.00,1930000.00,1930000.00,1930000.00
765,0.001000,1114,765,1,1,0,0,1,2,0.8000,219075.25,223911.88,1930000.00,1930000.00,1544000.00,1930000.00
769,0.001000,1117,769,1,1,0,0,1,1,0.0000,198404.00,0.00,1930000.00,1930000.00,1930000.00,1930000.00
769,0.001000,1117,769,1,1,0,0,1,2,0.9000,201842.16,186281.91,1930000.00,1930000.00,1737000.00,1930000.00
771,0.001000,1120,771,1,1,0,0,1,1,0.0000,198404.00,0.00,1930000.00,1930000.00,1930000.00,1930000.00
771,0.001000,1120,771,1,1,0,0,1,2,0.9000,168432.25,192646.75,1930000.00,1930000.00,1737000.00,1930000.00
772,0.001000,1122,772,1,1,0,0,1,1,0.0000,198404.00,0.00,1930000.00,1930000.00,1930000.00,1930000.00
772,0.001000,1122,772,1,1,0,0,1,2,0.7000,226070.41,289805.16,1930000.00,1930000.00,1351000.00,1930000.00
777,0.001000,1127,777,1,1,0,0,1,1,0.0000,198404.00,0.00,1930000.00,1930000.00,1930000.00,1930000.00
777,0.001000,1127,777,1,1,0,0,1,2,0.9000,202600.53,170557.84,1930000.00,1930000.00,1737000.00,1930000.00
779,0.001000,1130,779,1,1,0,0,1,1,0.0000,198404.00,0.00,1930000.00,1930000.00,1930000.00,1930000.00
779,0.001000,1130,779,1,1,0,0,1,2,0.8000,210631.50,241913.28,1930000.00,1930000.00,1544000.00,1930000.00
782,0.001000,1137,782,1,1,0,0,1,1,0.0000,382140.00,0.00,1930000.00,1930000.00,1930000.00,1930000.00
782,0.001000,1137,782,1,1,0,0,1,2,1.0000,370917.75,189963.58,1930000.00,1930000.00,1930000.00,1930000.00
783,0.001000,1138,783,1,1,0,0,1,1,0.0000,198404.00,0.00,1930000.00,1930000.00,1930000.00,1930000.00
783,0.001000,1138,783,1,1,0,0,1,2,1.0000,211122.33,161202.30,1930000.00,1930000.00,1930000.00,1930000.00
783,0.001000,1139,783,1,1,0,0,1,1,0.0000,198404.00,0.00,1930000.00,1930000.00,1930000.00,1930000.00
783,0.001000,1139,783,1,1,0,0,1,2,0.8000,246930.59,339758.06,1930000.00,1930000.00,1544000.00,1930000.00
786,0.001000,1142,786,1,1,0,0,1,1,0.0000,198404.00,0.00,1930000.00,1930000.00,1930000.00,1930000.00
786,0.001000,1142,786,1,1,0,0,1,2,0.8000,157597.16,149516.98,1930000.00,1930000.00,1544000.00,1930000.00
786,0.001000,1144,786,1,1,0,0,1,1,0.0000,198404.00,0.00,1930000.00,1930000.00,1930000.00,1930000.00
786,0.001000,1144,786,1,1,0,0,1,2,0.9000,189636.05,197997.34,1930000.00,1930000.00,1737000.00,1930000.00
791,0.001000,1151,791,1,1,0,0,1,1,0.0000,198404.00,0.00,1930000.00,1930000.00,1930000.00,1930000.00
791,0.001000,1151,791,1,1,0,0,1,2,0.9000,190463.84,208675.53,1930000.00,1930000.00,1737000.00,1930000.00
792,0.001000,1152,792,1,1,0,0,1,1,0.0000,198404.00,0.00,1930000.00,1930000.00,1930000.00,1930000.00
792,0.001000,1152,792,1,1,0,0,1,2,0.9000,169753.59,118276.35,1930000.00,1930000.00,1737000.00,1930000.00
793,0.001000,1154,793,1,1,0,0,1,1,0.0000,198404.00,0.00,1930000.00,1930000.00,1930000.00,1930000.00
793,0.001000,1154,793,1,1,0,0,1,2,0.8000,228231.08,244929.19,1930000.00,1930000.00,1544000.00,1930000.00
793,0.001000,1155,793,1,1,0,0,1,1,0.0000,198404.00,0.00,1930000.00,1930000.00,1930000.00,1930000.00
793,0.001000,1155,793,1,1,0,0,1,2,1.0000,199927.48,298328.72,1930000.00,1930000.00,1930000.00,1930000.00
796,0.001000,1161,796,1,1,0,0,1,1,0.0000,198404.00,0.00,1930000.00,1930000.00,1930000.00,1930000.00
796,0.001000,1161,796,1,1,0,0,1,2,0.8000,159899.09,243977.91,1930000.00,1930000.00,1544000.00,1930000.00
798,0.001000,1166,798,1,1,0,0,1,1,0.0000,198404.00,0.00,1930000.00,1930000.00,1930000.00,1930000.00
798,0.001000,1166,798,1,1,0,0,1,2,0.9000,193419.34,173555.64,1930000.00,1930000.00,1737000.00,1930000.00
812,0.001000,1188,812,1,1,0,0,1,1,0.0000,198404.00,0.00,1930000.00,1930000.00,1930000.00,1930000.00
812,0.001000,1188,812,1,1,0,0,1,2,1.0000,176075.66,165805.30,1930000.00,1930000.00,1930000.00,1930000.00
816,0.001000,1193,816,1,1,0,0,1,1,0.0000,382140.00,0.00,1930000.00,1930000.00,1930000.00,1930000.00
816,0.001000,1193,816,1,1,0,0,1,2,0.9000,381425.28,268289.38,1930000.00,1930000.00,1737000.00,1930000.00
825,0.001000,1210,825,1,1,0,0,1,1,0.0000,198404.00,0.00,1930000.00,1930000.00,1930000.00,1930000.00
825,0.001000,1210,825,1,1,0,0,1,2,0.9000,240581.50,293548.22,1930000.00,1930000.00,1737000.00,1930000.00
827,0.001000,1214,827,1,1,0,0,1,1,0.0000,382140.00,0.00,1930000.00,1930000.00,1930000.00,1930000.00
827,0.001000,1214,827,1,1,0,0,1,2,1.0000,402361.06,252985.83,1930000.00,1930000.00,1930000.00,1930000.00
828,0.001000,1217,828,1,1,0,0,1,1,0.0000,198404.00,0.00,1930000.00,1930000.00,1930000.00,1930000.00
828,0.001000,1217,828,1,1,0,0,1,2,0.9000,175170.08,197806.95,1930000.00,1930000.00,1737000.00,1930000.00
833,0.001000,1221,833,1,1,0,0,1,1,0.0000,99202.00,0.00,965000.00,1930000.00,1930000.00,1930000.00
833,0.001000,1221,833,1,1,0,0,1,2,0.6000,116969.34,226285.06,965000.00,1930000.00,1158000.00,1930000.00
839,0.001000,1225,839,1,1,0,0,1,1,0.0000,198404.00,0.00,1930000.00,1930000.00,1930000.00,1930000.00
839,0.001000,1225,839,1,1,0,0,1,2,0.8000,192355.47,274706.75,1930000.00,1930000.00,1544000.00,1930000.00
839,0.001000,1226,839,1,1,0,0,1,1,0.0000,198404.00,0.00,1930000.00,1930000.00,1930000.00,1930000.00
839,0.001000,1226,839,1,1,0,0,1,2,1.0000,175468.25,156149.72,1930000.00,1930000.00,1930000.00,1930000.00
840,0.001000,1227,840,1,1,0,0,1,1,0.0000,198404.00,0.00,1930000.00,1930000.00,1930000.00,1930000.00
840,0.001000,1227,840,1,1,0,0,1,2,1.0000,201204.12,186105.89,1930000.00,1930000.00,1930000.00,1930000.00
842,0.001000,1229,842,1,1,0,0,1,1,0.0000,755788.00,0.00,1930000.00,1930000.00,1930000.00,1930000.00
842,0.001000,1229,842,1,1,0,0,1,2,0.9000,748379.94,393451.84,1930000.00,1930000.00,1737000.00,1930000.00
844,0.001000,1231,844,1,1,0,0,1,1,0.0000,1745878.00,0.00,1930000.00,1930000.00,1930000.00,1930000.00
844,0.001000,1231,844,1,1,0,0,1,2,1.0000,1616972.25,313164.34,1930000.00,1930000.00,1930000.00,1930000.00
852,0.001000,1239,852,1,1,0,0,1,1,0.0000,198404.00,0.00,1930000.00,1930000.00,1930000.00,1930000.00
852,0.001000,1239,852,1,1,0,0,1,2,0.8000,160600.75,151049.69,1930000.00,1930000.00,1544000.00,1930000.00
855,0.001000,1243,855,1,1,0,0,1,1,0.0000,198404.00,0.00,1930000.00,1930000.00,1930000.00,1930000.00
855,0.001000,1243,855,1,1,0,0,1,2,0.9000,172885.53,171264.31,1930000.00,1930000.00,1737000.00,1930000.00
864,0.001000,1255,864,1,1,0,0,1,1,0.0000,198404.00,0.00,1930000.00,1930000.00,1930000.00,1930000.00
864,0.001000,1255,864,1,1,0,0,1,2,0.9000,205060.97,212403.72,1930000.00,1930000.00,1737000.00,1930000.00
872,0.001000,1262,872,1,1,0,0,1,1,0.0000,198404.00,0.00,1930000.00,1930000.00,1930000.00,1930000.00
872,0.001000,1262,872,1,1,0,0,1,2,0.9000,162272.02,133419.00,1930000.00,1930000.00,1737000.00,1930000.00
872,0.001000,1265,872,1,1,0,0,1,1,0.0000,198404.00,0.00,1930000.00,1930000.00,1930000.00,1930000.00
872,0.001000,1265,872,1,1,0,0,1,2,0.8000,166989.62,157588.00,1930000.00,1930000.00,1544000.00,1930000.00
874,0.001000,1267,874,1,1,0,0,1,1,0.0000,198404.00,0.00,1930000.00,1930000.00,1930000.00,1930000.00
874,0.001000,1267,874,1,1,0,0,1,2,0.7000,195095.17,212379.45,1930000.00,1930000.00,1351000.00,1930000.00
877,0.001000,1271,877,1,1,0,0,1,1,0.0000,1930000.00,0.00,1930000.00,1930000.00,1930000.00,1930000.00
877,0.001000,1271,877,1,1,0,0,1,2,1.0000,1930000.00,0.00,1930000.00,1930000.00,1930000.00,1930000.00
878,0.001000,1274,878,1,1,0,0,1,1,0.0000,198404.00,0.00,1930000.00,1930000.00,1930000.00,1930000.00
878,0.001000,1274,878,1,1,0,0,1,2,0.8000,221649.97,218476.33,1930000.00,1930000.00,1544000.00,1930000.00
879,0.001000,1275,879,1,1,0,0,1,1,0.0000,755788.00,0.00,1930000.00,1930000.00,1930000.00,1930000.00
879,0.001000,1275,879,1,1,0,0,1,2,1.0000,788003.56,388208.41,1930000.00,1930000.00,1930000.00,1930000.00
884,0.001000,1285,884,1,1,0,0,1,1,0.0000,198404.00,0.00,1930000.00,1930000.00,1930000.00,1930000.00
884,0.001000,1285,884,1,1,0,0,1,2,1.0000,166162.92,131314.64,1930000.00,1930000.00,1930000.00,1930000.00
887,0.001000,1290,887,1,1,0,0,1,1,0.0000,198404.00,0.00,1930000.00,1930000.00,1930000.00,1930000.00
887,0.001000,1290,887,1,1,0,0,1,2,0.7000,195131.47,204507.52,1930000.00,1930000.00,1351000.00,1930000.00
890,0.001000,1294,890,1,1,0,0,1,1,0.0000,1138700.00,0.00,1930000.00,1930000.00,1930000.00,1930000.00
890,0.001000,1294,890,1,1,0,0,1,2,1.0000,1133895.38,435255.94,1930000.00,1930000.00,1930000.00,1930000.00
891,0.001000,1296,891,1,1,0,0,1,1,0.0000,198404.00,0.00,1930000.00,1930000.00,1930000.00,1930000.00
891,0.001000,1296,891,1,1,0,0,1,2,0.9000,221234.95,209685.61,1930000.00,1930000.00,1737000.00,1930000.00
897,0.001000,1303,897,1,1,0,0,1,1,0.0000,198404.00,0.00,1930000.00,1930000.00,1930000.00,1930000.00
897,0.001000,1303,897,1,1,0,0,1,2,0.8000,176077.69,188062.12,1930000.00,1930000.00,1544000.00,1930000.00
897,0.001000,1305,897,1,1,0,0,1,1,0.0000,382140.00,0.00,1930000.00,1930000.00,1930000.00,1930000.00
897,0.001000,1305,897,1,1,0,0,1,2,1.0000,360674.94,340343.31,1930000.00,1930000.00,1930000.00,1930000.00
899,0.001000,1308,899,1,1,0,0,1,1,0.0000,198404.00,0.00,1930000.00,1930000.00,1930000.00,1930000.00
899,0.001000,1308,899,1,1,0,0,1,2,0.8000,173673.58,172081.39,1930000.00,1930000.00,1544000.00,1930000.00
903,0.001000,1309,903,1,1,0,0,1,1,0.0000,99202.00,0.00,965000.00,1930000.00,1930000.00,1930000.00
903,0.001000,1309,903,1,1,0,0,1,2,0.6000,92017.34,127042.52,965000.00,1930000.00,1158000.00,1930000.00
915,0.001000,1322,915,1,1,0,0,1,1,0.0000,198404.00,0.00,1930000.00,1930000.00,1930000.00,1930000.00
915,0.001000,1322,915,1,1,0,0,1,2,1.0000,176664.17,131352.31,1930000.00,1930000.00,1930000.00,1930000.00
916,0.001000,1323,916,1,1,0,0,1,1,0.0000,198404.00,0.00,1930000.00,1930000.00,1930000.00,1930000.00
916,0.001000,1323,916,1,1,0,0,1,2,0.9000,210904.17,260155.72,1930000.00,1930000.00,1737000.00,1930000.00
918,0.001000,1324,918,1,1,0,0,1,1,0.0000,198404.00,0.00,1930000.00,1930000.00,1930000.00,1930000.00
918,0.001000,1324,918,1,1,0,0,1,2,0.8000,161047.72,168339.72,1930000.00,1930000.00,1544000.00,1930000.00
918,0.001000,1325,918,1,1,0,0,1,1,0.0000,198404.00,0.00,1930000.00,1930000.00,1930000.00,1930000.00
918,0.001000,1325,918,1,1,0,0,1,2,0.9000,181874.91,184526.06,1930000.00,1930000.00,1737000.00,1930000.00
919,0.001000,1330,919,1,1,0,0,1,1,0.0000,99202.00,0.00,965000.00,1930000.00,1930000.00,1930000.00
919,0.001000,1330,919,1,1,0,0,1,2,0.7000,101664.30,132981.89,965000.00,1930000.00,1351000.00,1930000.00
922,0.001000,1332,922,1,1,0,0,1,1,0.0000,198404.00,0.00,1930000.00,1930000.00,1930000.00,1930000.00
922,0.001000,1332,922,1,1,0,0,1,2,1.0000,200800.69,242525.50,1930000.00,1930000.00,1930000.00,1930000.00
924,0.001000,1334,924,1,1,0,0,1,1,0.0000,198404.00,0.00,1930000.00,1930000.00,1930000.00,1930000.00
924,0.001000,1334,924,1,1,0,0,1,2,1.0000,175509.81,170357.45,1930000.00,1930000.00,1930000.00,1930000.00
927,0.001000,1342,927,1,1,0,0,1,1,0.0000,198404.00,0.00,1930000.00,1930000.00,1930000.00,1930000.00
927,0.001000,1342,927,1,1,0,0,1,2,0.8000,224887.97,243469.14,1930000.00,1930000.00,1544000.00,1930000.00
930,0.001000,1345,930,1,1,0,0,1,1,0.0000,99202.00,0.00,965000.00,1930000.00,1930000.00,1930000.00
930,0.001000,1345,930,1,1,0,0,1,2,0.6000,110418.88,140045.66,965000.00,1930000.00,1158000.00,1930000.00
931,0.001000,1348,931,1,1,0,0,1,1,0.0000,198404.00,0.00,1930000.00,1930000.00,1930000.00,1930000.00
931,0.001000,1348,931,1,1,0,0,1,2,0.8000,242351.50,192748.72,1930000.00,1930000.00,1544000.00,1930000.00
939,0.001000,1361,939,1,1,0,0,1,1,0.0000,1930000.00,0.00,1930000.00,1930000.00,1930000.00,1930000.00
939,0.001000,1361,939,1,1,0,0,1,2,1.0000,1930000.00,0.00,1930000.00,1930000.00,1930000.00,1930000.00
943,0.001000,1368,943,1,1,0,0,1,1,0.0000,565875.94,0.00,1930000.00,1930000.00,1930000.00,1930000.00
943,0.001000,1368,943,1,1,0,0,1,2,1.0000,515024.06,309753.97,1930000.00,1930000.00,1930000.00,1930000.00
947,0.001000,1373,947,1,1,0,0,1,1,0.0000,99202.00,0.00,965000.00,1930000.00,1930000.00,1930000.00
947,0.001000,1373,947,1,1,0,0,1,2,0.6000,111860.02,185841.41,965000.00,1930000.00,1158000.00,1930000.00
949,0.001000,1377,949,1,1,0,0,1,1,0.0000,198404.00,0.00,1930000.00,1930000.00,1930000.00,1930000.00
949,0.001000,1377,949,1,1,0,0,1,2,0.9000,225257.62,306734.72,1930000.00,1930000.00,1737000.00,1930000.00
950,0.001000,1379,950,1,1,0,0,1,1,0.0000,198404.00,0.00,1930000.00,1930000.00,1930000.00,1930000.00
950,0.001000,1379,950,1,1,0,0,1,2,1.0000,170739.97,180345.89,1930000.00,1930000.00,1930000.00,1930000.00
952,0.001000,1382,952,1,1,0,0,1,1,0.0000,198404.00,0.00,1930000.00,1930000.00,1930000.00,1930000.00
952,0.001000,1382,952,1,1,0,0,1,2,0.9000,131898.33,124886.37,1930000.00,1930000.00,1737000.00,1930000.00
953,0.001000,1384,953,1,1,0,0,1,1,0.0000,755788.00,0.00,1930000.00,1930000.00,1930000.00,1930000.00
953,0.001000,1384,953,1,1,0,0,1,2,1.0000,756037.00,365605.84,1930000.00,1930000.00,1930000.00,1930000.00
958,0.001000,1389,958,1,1,0,0,1,1,0.0000,1516980.00,0.00,1930000.00,1930000.00,1930000.00,1930000.00
958,0.001000,1389,958,1,1,0,0,1,2,1.0000,1424179.88,401382.16,1930000.00,1930000.00,1930000.00,1930000.00
960,0.001000,1391,960,1,1,0,0,1,1,0.0000,198404.00,0.00,1930000.00,1930000.00,1930000.00,1930000.00
960,0.001000,1391,960,1,1,0,0,1,2,0.9000,206565.11,241787.22,1930000.00,1930000.00,1737000.00,1930000.00
962,0.001000,1392,962,1,1,0,0,1,1,0.0000,198404.00,0.00,1930000.00,1930000.00,1930000.00,1930000.00
962,0.001000,1392,962,1,1,0,0,1,2,1.0000,208866.81,116580.09,1930000.00,1930000.00,1930000.00,1930000.00
964,0.001000,1395,964,1,1,0,0,1,1,0.0000,198404.00,0.00,1930000.00,1930000.00,1930000.00,1930000.00
964,0.001000,1395,964,1,1,0,0,1,2,0.9000,194954.61,180337.20,1930000.00,1930000.00,1737000.00,1930000.00
966,0.001000,1398,966,1,1,0,0,1,1,0.0000,198404.00,0.00,1930000.00,1930000.00,1930000.00,1930000.00
966,0.001000,1398,966,1,1,0,0,1,2,0.8000,195022.47,223999.72,1930000.00,1930000.00,1544000.00,1930000.00
966,0.001000,1399,966,1,1,0,0,1,1,0.0000,565875.94,0.00,1930000.00,1930000.00,1930000.00,1930000.00
966,0.001000,1399,966,1,1,0,0,1,2,1.0000,583264.25,326048.47,1930000.00,1930000.00,1930000.00,1930000.00
968,0.001000,1405,968,1,1,0,0,1,1,0.0000,99202.00,0.00,965000.00,1930000.00,1930000.00,1930000.00
968,0.001000,1405,968,1,1,0,0,1,2,0.6000,123811.33,156144.70,965000.00,1930000.00,1158000.00,1930000.00
971,0.001000,1407,971,1,1,0,0,1,1,0.0000,198404.00,0.00,1930000.00,1930000.00,1930000.00,1930000.00
971,0.001000,1407,971,1,1,0,0,1,2,1.0000,207792.72,173854.08,1930000.00,1930000.00,1930000.00,1930000.00
975,0.001000,1413,975,1,1,0,0,1,1,0.0000,945700.00,0.00,1930000.00,1930000.00,1930000.00,1930000.00
975,0.001000,1413,975,1,1,0,0,1,2,1.0000,960146.81,287955.69,1930000.00,1930000.00,1930000.00,1930000.00
978,0.001000,1419,978,1,1,0,0,1,1,0.0000,198404.00,0.00,1930000.00,1930000.00,1930000.00,1930000.00
978,0.001000,1419,978,1,1,0,0,1,2,0.8000,199839.66,223270.38,1930000.00,1930000.00,1544000.00,1930000.00
983,0.001000,1424,983,1,1,0,0,1,1,0.0000,198404.00,0.00,1930000.00,1930000.00,1930000.00,1930000.00
983,0.001000,1424,983,1,1,0,0,1,2,0.8000,161915.84,179918.95,1930000.00,1930000.00,1544000.00,1930000.00
985,0.001000,1427,985,1,1,0,0,1,1,0.0000,198404.00,0.00,1930000.00,1930000.00,1930000.00,1930000.00
985,0.001000,1427,985,1,1,0,0,1,2,0.8000,180576.34,160770.89,1930000.00,1930000.00,1544000.00,1930000.00
992,0.001000,1437,992,1,1,0,0,1,1,0.0000,198404.00,0.00,1930000.00,1930000.00,1930000.00,1930000.00
992,0.001000,1437,992,1,1,0,0,1,2,0.8000,208121.25,275628.88,1930000.00,1930000.00,1544000.00,1930000.00
994,0.001000,1440,994,1,1,0,0,1,1,0.0000,198404.00,0.00,1930000.00,1930000.00,1930000.00,1930000.00
994,0.001000,1440,994,1,1,0,0,1,2,0.9000,171421.34,196581.05,1930000.00,1930000.00,1737000.00,1930000.00
999,0.001000,1446,999,1,1,0,0,1,1,0.0000,198404.00,0.00,1930000.00,1930000.00,1930000.00,1930000.00
999,0.001000,1446,999,1,1,0,0,1,2,0.9000,222164.55,247174.80,1930000.00,1930000.00,1737000.00,1930000.00
1000,0.001000,1447,1000,1,1,0,0,1,1,0.0000,198404.00,0.00,1930000.00,1930000.00,1930000.00,1930000.00
1000,0.001000,1447,1000,1,1,0,0,1,2,1.0000,182787.53,155682.19,1930000.00,1930000.00,1930000.00,1930000.00
